code,name,sector
060310,3S,기계
095570,AJ네트웍스,운송인프라
006840,AK홀딩스,화학
054620,APS,IT서비스
265520,AP시스템,디스플레이및관련부품
211270,AP위성,통신장비
109960,AP헬스케어,제약
139050,BF랩스,일반소프트웨어
027410,BGF,화학
282330,BGF리테일,도소매
126600,BGF에코머티리얼즈,자동차부품
138930,BNK금융지주,상업은행
001460,BYC,섬유및의복
013720,CBI,자동차부품
083790,CG인바이츠,바이오
001040,CJ,복합산업
079160,CJ CGV,미디어
035760,CJ ENM,미디어
311690,CJ 바이오사이언스,의료장비및서비스
000120,CJ대한통운,육상운수
011150,CJ씨푸드,식료품
097950,CJ제일제당,식료품
051500,CJ프레시웨이,식료품
058820,CMG제약,제약
023460,CNH,자동차
056730,CNT85,건설
000480,CR홀딩스,금속및광물
065770,CS,통신장비
083660,CSA 코스믹,개인생활용품
000590,CS홀딩스,금속및광물
012030,DB,IT서비스
456440,DB금융스팩11호,창업투자및종금
016610,DB금융투자,증권
005830,DB손해보험,보험
000990,DB하이텍,반도체및관련장비
139130,DGB금융지주,상업은행
060900,DGP,에너지시설및서비스
290120,DH오토리드,자동차부품
025440,DH오토웨어,자동차부품
001530,DI동일,섬유및의복
000210,DL,화학
375500,DL이앤씨,건설
068790,DMS,디스플레이및관련부품
007340,DN오토모티브,자동차부품
004840,DRB동일,화학
241520,DSC인베스트먼트,창업투자및종금
155660,DSR,금속및광물
069730,DSR제강,금속및광물
017860,DS단석,화학
180400,DXVX,의료장비및서비스
017940,E1,석유및가스
245620,EDGC,의료장비및서비스
037370,EG,금속및광물
278990,EMB,에너지시설및서비스
050120,ES큐브,레저용품
383220,F&F,섬유및의복
007700,F&F홀딩스,섬유및의복
214270,FSN,미디어
130500,GH신소재,자동차부품
114090,GKL,호텔및레저
900290,GRT,화학
078930,GS,석유및가스
083450,GST,반도체및관련장비
006360,GS건설,건설
001250,GS글로벌,무역
007070,GS리테일,도소매
066400,HANATOURIST,
297890,HB솔루션,디스플레이및관련부품
440290,HB인베스트먼트,창업투자및종금
078150,HB테크놀러지,디스플레이및관련부품
012630,HDC,건설
039570,HDC랩스,건설
089470,HDC현대EP,자동차부품
294870,HDC현대산업개발,건설
009540,HD한국조선해양,조선
267250,HD현대,석유및가스
267270,HD현대건설기계,기계
443060,HD현대마린솔루션,조선
010620,HD현대미포,조선
322000,HD현대에너지솔루션,에너지시설및서비스
042670,HD현대인프라코어,기계
267260,HD현대일렉트릭,전기장비
329180,HD현대중공업,조선
097230,HJ중공업,건설
195940,HK이노엔,제약
014790,HL D&I,건설
028300,HLB,제약
003580,HLB글로벌,도소매
278650,HLB바이오스텝,제약
343090,HLB사이언스,제약
067630,HLB생명과학,도소매
024850,HLB이노베이션,반도체및관련장비
047920,HLB제약,제약
115450,HLB테라퓨틱스,의료장비및서비스
046210,HLB파나진,의료장비및서비스
204320,HL만도,자동차부품
060980,HL홀딩스,자동차부품
011200,HMM,해상운수
403870,HPSP,반도체및관련장비
036640,HRS,화학
035000,HS애드,미디어
439730,IBKS제20호스팩,창업투자및종금
442770,IBKS제21호스팩,창업투자및종금
448760,IBKS제22호스팩,창업투자및종금
467930,IBKS제23호스팩,창업투자및종금
469480,IBKS제24호스팩,창업투자및종금
104770,IBK투자증권,
003560,IHQ,미디어
095340,ISC,반도체및관련장비
099520,ITX-AI,보안장비
175330,JB금융지주,상업은행
950170,JTC,도소매
234080,JW생명과학,제약
067290,JW신약,제약
001060,JW중외제약,제약
096760,JW홀딩스,제약
035900,JYP Ent.,미디어
318000,KBG,화학
024840,KBI메탈,전기장비
105560,KB금융,상업은행
024120,KB오토시스,자동차부품
455250,KB제25호스팩,창업투자및종금
458320,KB제26호스팩,창업투자및종금
464680,KB제27호스팩,창업투자및종금
476470,KB제28호스팩,창업투자및종금
002380,KCC,건축자재
021320,KCC건설,건설
344820,KCC글라스,건축자재
036670,KCI,화학
009070,KCTC,육상운수
009440,KC그린홀딩스,상업서비스
112190,KC산업,건축소재
119650,KC코트렐,상업서비스
044180,KD,건설
092220,KEC,반도체및관련장비
046440,KG모빌리언스,인터넷서비스
003620,KG모빌리티,자동차
016380,KG스틸,금속및광물
151860,KG에코솔루션,자동차
035600,KG이니시스,인터넷서비스
001390,KG케미칼,금속및광물
226360,KH 건설,건설
111870,KH 미래물산,내구소비재
033180,KH 필룩스,전자장비및기기
060720,KH바텍,휴대폰및관련부품
015590,KIB플러그에너지,기계
001940,KISCO홀딩스,금속및광물
058400,KNN,미디어
025000,KPX케미칼,화학
092230,KPX홀딩스,화학
000040,KR모터스,자동차
044450,KSS해운,해상운수
030200,KT,무선통신
033780,KT&G,담배
058850,KTcs,상업서비스
058860,KTis,상업서비스
122450,KX,복합산업
052900,KX하이텍,반도체및관련장비
376190,LB루셈,반도체및관련장비
061970,LB세미콘,반도체및관련장비
309960,LB인베스트먼트,창업투자및종금
093050,LF,섬유및의복
003550,LG,복합산업
034220,LG디스플레이,디스플레이및관련부품
051900,LG생활건강,개인생활용품
373220,LG에너지솔루션,전자장비및기기
032640,LG유플러스,무선통신
011070,LG이노텍,전자장비및기기
066570,LG전자,내구소비재
037560,LG헬로비전,미디어
051910,LG화학,화학
079550,LIG넥스원,상업서비스
225190,LK삼양,내구소비재
006260,LS,전기장비
010120,LS ELECTRIC,전기장비
000680,LS네트웍스,도소매
060370,LS마린솔루션,건설
417200,LS머트리얼즈,전자장비및기기
229640,LS에코에너지,전기장비
104230,LS전선,
108320,LX세미콘,반도체및관련장비
001120,LX인터내셔널,무역
108670,LX하우시스,건축자재
383800,LX홀딩스,복합산업
086960,MDS테크,일반소프트웨어
023150,MH에탄올,음료
038340,MIT,전자장비및기기
035420,NAVER,인터넷서비스
160550,NEW,미디어
053290,NE능률,교육
181710,NHN,IT서비스
060250,NHN KCP,인터넷서비스
104200,NHN벅스,미디어
005940,NH투자증권,증권
034310,NICE,IT서비스
030190,NICE평가정보,상업서비스
008260,NI스틸,금속및광물
004250,NPC,용기및포장
222160,NPX,반도체및관련장비
456040,OCI,화학
010060,OCI홀딩스,화학
178920,PI첨단소재,화학
024940,PN풍년,내구소비재
005490,POSCO홀딩스,금속및광물
218410,RFHIC,통신장비
327260,RF머트리얼즈,통신장비
091340,S&K폴리텍,전자장비및기기
010950,S-Oil,석유및가스
419530,SAMG엔터,미디어
019550,SBI인베스트먼트,창업투자및종금
950110,SBI핀테크솔루션즈,인터넷서비스
034120,SBS,미디어
036120,SCI평가정보,상업서비스
246960,SCL사이언스,의료장비및서비스
099220,SDN,에너지시설및서비스
036540,SFA반도체,반도체및관련장비
255220,SG,건축소재
040610,SG&G,운송인프라
049470,SGA,일반소프트웨어
184230,SGA솔루션즈,일반소프트웨어
016250,SGC E&C,건설
005090,SGC에너지,에너지시설및서비스
001380,SG글로벌,자동차부품
004060,SG세계물산,섬유및의복
001970,SG신성건설,건설
001770,SHD,금속및광물
002360,SH에너지화학,화학
009160,SIMPAC,기계
123700,SJM,자동차부품
025530,SJM홀딩스,자동차부품
034730,SK,석유및가스
011790,SKC,화학
018670,SK가스,석유및가스
001740,SK네트웍스,복합산업
006120,SK디스커버리,석유및가스
210980,SK디앤디,부동산
302440,SK바이오사이언스,제약
326030,SK바이오팜,제약
402340,SK스퀘어,복합산업
260870,SK시그넷,자동차부품
361610,SK아이이테크놀로지,전자장비및기기
003340,SK에코플랜트,
100090,SK오션플랜트,건설
096770,SK이노베이션,석유및가스
475150,SK이터닉스,부동산
001510,SK증권,증권
285130,SK케미칼,화학
017670,SK텔레콤,무선통신
000660,SK하이닉스,반도체및관련장비
048550,SM C&C,미디어
063440,SM Life Design,미디어
003570,SNT다이내믹스,자동차부품
064960,SNT모티브,자동차부품
100840,SNT에너지,에너지시설및서비스
036530,SNT홀딩스,자동차부품
067160,SOOP,인터넷서비스
005610,SPC삼립,식료품
011810,STX,무역
465770,STX그린로지스,무역
077970,STX엔진,조선
071970,STX중공업,조선
002820,SUN&L,종이및목재
289080,SV인베스트먼트,창업투자및종금
084870,TBH글로벌,섬유및의복
002710,TCC스틸,금속및광물
089230,THE E&M,인터넷서비스
161570,THE MIDONG,자동차부품
032540,TJ미디어,레저용품
022220,TKG애강,건축자재
069260,TKG휴켐스,화학
007980,TP,섬유및의복
048770,TPC,기계
246690,TS인베스트먼트,창업투자및종금
317240,TS트릴리온,개인생활용품
002900,TYM,기계
024070,WISCOM,화학
057030,YBM넷,교육
037270,YG PLUS,미디어
040300,YTN,미디어
051390,YW,도소매
052220,iMBC,미디어
079940,가비아,IT서비스
078890,가온그룹,셋톱박스
000500,가온전선,전기장비
399720,가온칩스,반도체및관련장비
296520,가이아코퍼레이션,레저용품
036620,감성코퍼레이션,섬유및의복
000860,강남제비스코,건축자재
217730,강스템바이오텍,바이오
035250,강원랜드,호텔및레저
114190,강원에너지,기계
094480,갤럭시아머니트리,인터넷서비스
011420,갤럭시아에스엠,미디어
000800,경남기업,건설
039240,경남스틸,금속및광물
053950,경남제약,제약
002100,경농,화학
009450,경동나비엔,내구소비재
267290,경동도시가스,가스
012320,경동인베스트,금속및광물
011040,경동제약,제약
000050,경방,섬유및의복
214390,경보제약,제약
012610,경인양행,화학
009140,경인전자,전자장비및기기
024910,경창산업,자동차부품
013580,계룡건설,건설
012200,계양전기,자동차부품
002140,고려산업,식료품
198440,고려시멘트,건축소재
049720,고려신용정보,상업서비스
010130,고려아연,금속및광물
002240,고려제강,금속및광물
014570,고려제약,제약
348150,고바이오랩,바이오
950190,고스트스튜디오,게임소프트웨어
098460,고영,전자장비및기기
035290,골드앤에스,교육
123900,골든블루,
900280,골든센츄리,기계
215000,골프존,호텔및레저
121440,골프존뉴딘홀딩스,레저용품
068750,곰앤컴퍼니,
366030,공구우먼,섬유및의복
076340,관악산업,건설
009290,광동제약,제약
086220,광동헬스바이오,식료품
014200,광림,기계
017040,광명전기,전기장비
029480,광무,통신장비
017900,광전자,전자장비및기기
037710,광주신세계,백화점
026910,광진실업,금속및광물
421800,교보12호스팩,창업투자및종금
440790,교보13호스팩,창업투자및종금
456490,교보14호스팩,창업투자및종금
465320,교보15호스팩,창업투자및종금
030610,교보증권,증권
201150,교육혁명,
339770,교촌에프앤비,식료품
053270,구영테크,자동차부품
007690,국도화학,화학
005320,국동,섬유및의복
001140,국보,육상운수
066620,국보디자인,건설
043650,국순당,음료
006050,국영지앤엠,건축자재
060480,국일신동,금속및광물
078130,국일제지,종이및목재
307750,국전약품,제약
002720,국제약품,제약
243870,굿센,IT서비스
035080,그래디언트,온라인쇼핑
453450,그리드위즈,
204020,그리티,섬유및의복
402490,그린리소스,반도체및관련장비
114450,그린생명과학,제약
083420,그린케미칼,화학
186230,그린플러스,건설
014530,극동유화,석유및가스
900070,글로벌에스엠,자동차부품
204620,글로벌텍스프리,소비자금융
019660,글로본,개인생활용품
014280,금강공업,건축자재
053260,금강철강,금속및광물
008870,금비,용기및포장
001570,금양,화학
282720,금양그린파워,에너지시설및서비스
002990,금호건설,건설
011780,금호석유,화학
214330,금호에이치티,자동차부품
001210,금호전기,디스플레이및관련부품
073240,금호타이어,자동차부품
036190,금화피에스시,건설
049080,기가레인,통신장비
420770,기가비스,반도체및관련장비
035460,기산텔레콤,통신장비
092440,기신정기,기계
000270,기아,자동차
024110,기업은행,상업은행
456700,길교이앤씨,건설
013700,까뮤이앤씨,건설
308100,까스텔바작,섬유및의복
004540,깨끗한나라,종이및목재
407400,꿈비,내구소비재
187790,나노,화학
286750,나노브릭,화학
121600,나노신소재,화학
247660,나노씨엠에스,화학
039860,나노엔텍,의료장비및서비스
091970,나노캠텍,화학
417010,나노팀,전자장비및기기
244880,나눔테크,의료장비및서비스
405920,나라셀라,음료
288490,나라소프트,일반소프트웨어
051490,나라엠앤디,기계
137080,나래나노텍,디스플레이및관련부품
190510,나무가,휴대폰및관련부품
242040,나무기술,IT서비스
089600,나스미디어,미디어
293580,나우IB,창업투자및종금
257990,나우코스,개인생활용품
138610,나이벡,의료장비및서비스
130580,나이스디앤비,상업서비스
036800,나이스정보통신,상업서비스
267320,나인테크,전자장비및기기
001260,남광토건,건설
008350,남선알미늄,금속및광물
004270,남성,전자장비및기기
003920,남양유업,식료품
025860,남해화학,화학
111710,남화산업,호텔및레저
091590,남화토건,건설
079180,내일신문,
168330,내츄럴엔도텍,개인생활용품
094860,네오리진,게임소프트웨어
253590,네오셈,반도체및관련장비
212560,네오오토,자동차부품
095660,네오위즈,게임소프트웨어
042420,네오위즈홀딩스,게임소프트웨어
950220,네오이뮨텍,제약
311390,네오크레마,식료품
085910,네오티스,자동차부품
092730,네오팜,개인생활용품
290660,네오펙트,의료장비및서비스
306620,네온테크,반도체및관련장비
153460,네이블,일반소프트웨어
007390,네이처셀,바이오
033640,네패스,반도체및관련장비
330860,네패스아크,반도체및관련장비
005720,넥센,자동차부품
002350,넥센타이어,자동차부품
089140,넥스턴바이오,기계
137940,넥스트아이,전자장비및기기
396270,넥스트칩,반도체및관련장비
348210,넥스틴,반도체및관련장비
092790,넥스틸,금속및광물
225570,넥슨게임즈,게임소프트웨어
217270,넵튠,게임소프트웨어
251270,넷마블,게임소프트웨어
298420,넷마블네오,
317860,노드메이슨,개인생활용품
104620,노랑풍선,호텔및레저
090350,노루페인트,건축자재
000320,노루홀딩스,건축자재
194700,노바렉스,식료품
285490,노바텍,휴대폰및관련부품
283100,노보믹스,의료장비및서비스
145170,노브랜드,섬유및의복
229500,노브메타파마,음료
106520,노블엠앤비,전자장비및기기
376930,노을,의료장비및서비스
006280,녹십자,제약
142280,녹십자엠에스,의료장비및서비스
234690,녹십자웰빙,제약
005250,녹십자홀딩스,제약
065560,녹원씨엔아이,화학
004370,농심,식료품
072710,농심홀딩스,식료품
054050,농우바이오,바이오
069140,누리플랜,상업서비스
040160,누리플렉스,일반소프트웨어
332290,누보,화학
348340,뉴로메카,기계
060260,뉴보텍,건축자재
123840,뉴온,기계
012340,뉴인텍,전기장비
074750,뉴젠팜,
227680,뉴젠홀딩스,
214870,뉴지랩파마,도소매
270870,뉴트리,식료품
144960,뉴파워프라즈마,반도체및관련장비
085670,뉴프렉스,전자장비및기기
064260,다날,인터넷서비스
340360,다보링크,통신장비
015150,다산,금속및광물
039560,다산네트웍스,통신장비
154040,다산솔루에타,자동차부품
058730,다스코,건축자재
030210,다올투자증권,증권
023590,다우기술,증권
032190,다우데이타,증권
323350,다원넥스뷰,반도체및관련장비
068240,다원시스,기계
145210,다이나믹디자인,자동차부품
019680,대교,교육
006370,대구백화점,백화점
008060,대덕,전자장비및기기
353200,대덕전자,전자장비및기기
000490,대동,기계
178600,대동고려삼,음료
020400,대동금속,자동차부품
008830,대동기어,기계
012350,대동모빌리티,
048470,대동스틸,금속및광물
008110,대동전자,전자장비및기기
004780,대륙제관,용기및포장
005750,대림B&Co,건축자재
017650,대림제지,종이및목재
006570,대림통상,건축자재
007720,대명소노시즌,도소매
389260,대명에너지,에너지시설및서비스
317850,대모,기계
026970,대백저축은행,상호저축은행
290670,대보마그네틱,전자장비및기기
078140,대봉엘에스,제약
065150,대산F&B,식료품
001680,대상,식료품
084690,대상홀딩스,식료품
036480,대성미생물,제약
128820,대성산업,석유및가스
117580,대성에너지,가스
027830,대성창투,창업투자및종금
104040,대성파인텍,자동차부품
129920,대성하이텍,기계
016710,대성홀딩스,가스
438220,대신밸런스제13호스팩,창업투자및종금
442310,대신밸런스제14호스팩,창업투자및종금
457390,대신밸런스제15호스팩,창업투자및종금
457630,대신밸런스제16호스팩,창업투자및종금
471050,대신밸런스제17호스팩,창업투자및종금
020180,대신정보통신,IT서비스
003540,대신증권,증권
045390,대아티아이,운송인프라
009190,대양금속,금속및광물
108380,대양전기공업,조선
006580,대양제지,종이및목재
252980,대영씨엔이,
014160,대영포장,용기및포장
047040,대우건설,건설
009320,대우부품,자동차부품
003090,대웅,제약
069620,대웅제약,제약
007680,대원,건설
000430,대원강업,자동차부품
048910,대원미디어,미디어
005710,대원산업,자동차부품
006340,대원전선,전기장비
003220,대원제약,제약
024890,대원화성,섬유및의복
290380,대유,화학
002880,대유에이텍,자동차부품
000300,대유플러스,자동차부품
120240,대정화금,화학
003310,대주산업,식료품
114920,대주이엔티,금속및광물
078600,대주전자재료,전자장비및기기
008340,대주코레스,자동차부품
012800,대창,금속및광물
015230,대창단조,기계
096350,대창솔루션,조선
140520,대창스틸,금속및광물
131220,대한과학,의료장비및서비스
010170,대한광통신,통신장비
054670,대한뉴팜,제약
001070,대한방직,섬유및의복
023910,대한약품,제약
006650,대한유화,화학
001440,대한전선,전기장비
084010,대한제강,금속및광물
001790,대한제당,식료품
001130,대한제분,식료품
003490,대한항공,항공운수
005880,대한해운,해상운수
003830,대한화섬,화학
016090,대현,섬유및의복
069460,대호에이엘,금속및광물
021040,대호특수강,금속및광물
067080,대화제약,제약
298540,더네이쳐홀딩스,섬유및의복
032860,더라미,금속및광물
192080,더블유게임즈,게임소프트웨어
393890,더블유씨피,전자장비및기기
299170,더블유에스아이,제약
012510,더존비즈온,일반소프트웨어
224060,더코디,반도체및관련장비
302920,더콘텐츠온,미디어
043090,더테크놀로지,도소매
213420,덕산네오룩스,디스플레이및관련부품
317330,덕산테코피아,디스플레이및관련부품
077360,덕산하이메탈,반도체및관련장비
004830,덕성,섬유및의복
090410,덕신이피씨,건축자재
024900,덕양산업,자동차부품
263600,덕우전자,휴대폰및관련부품
446530,덕인,
194480,데브시스터즈,게임소프트웨어
263800,데이타솔루션,IT서비스
199150,데이터스트림즈,IT서비스
206560,덱스터,미디어
261200,덴티스,의료장비및서비스
145720,덴티움,의료장비및서비스
227420,도부마스크,개인생활용품
067990,도이치모터스,자동차
002150,도화엔지니어링,건설
006620,동구바이오제약,제약
100130,동국S&C,금속및광물
005160,동국산업,금속및광물
460850,동국씨엠,금속및광물
075970,동국알앤에스,금속및광물
460860,동국제강,금속및광물
086450,동국제약,제약
001230,동국홀딩스,금속및광물
023450,동남합성,화학
222070,동명스틸,
004140,동방,운송인프라
099410,동방선기,조선
007590,동방아그로,화학
005960,동부건설,건설
026960,동서,식료품
002210,동성제약,제약
102260,동성케미컬,화학
033500,동성화인텍,화학
025950,동신건설,건설
012760,동아,자동차부품
000640,동아쏘시오홀딩스,제약
170900,동아에스티,제약
088130,동아엘텍,디스플레이및관련부품
028100,동아지질,건설
282690,동아타이어,자동차부품
041930,동아화성,자동차부품
001520,동양,건축소재
005900,동양건설산업,건설
084670,동양고속,육상운수
082640,동양생명,보험
060380,동양에스텍,금속및광물
079960,동양이엔피,전자장비및기기
008970,동양철관,금속및광물
228340,동양파일,건축소재
092780,동양피스톤,자동차부품
105700,동우당제약,
088910,동우팜투테이블,식료품
094170,동운아나텍,반도체및관련장비
049770,동원F&B,식료품
013120,동원개발,건설
018500,동원금속,자동차부품
006040,동원산업,식료품
030720,동원수산,식료품
014820,동원시스템즈,용기및포장
111380,동인기연,섬유및의복
163560,동일고무벨트,화학
109860,동일금속,기계
032960,동일기연,전자장비및기기
004890,동일산업,금속및광물
002690,동일제강,금속및광물
023790,동일철강,금속및광물
026710,동진건설,
005290,동진쎄미켐,반도체및관련장비
025900,동화기업,건축자재
000020,동화약품,제약
136790,동화일렉트로라이트,
433990,두루안,
000150,두산,복합산업
454910,두산로보틱스,기계
241560,두산밥캣,기계
034020,두산에너빌리티,기계
131970,두산테스나,반도체및관련장비
336260,두산퓨얼셀,전자장비및기기
016740,두올,자동차부품
013900,두원중공업,자동차부품
073190,듀오백,내구소비재
176750,듀켐바이오,제약
030350,드래곤플라이,게임소프트웨어
035430,드림라인,유선통신
203650,드림시큐리티,상업서비스
223250,드림씨아이에스,제약
060570,드림어스컴퍼니,미디어
362990,드림인사이트,미디어
043500,드림텍,
192650,드림텍,휴대폰및관련부품
184560,디더블유미디어홀딩스,
217620,디딤이앤에프,호텔및레저
016670,디모아,일반소프트웨어
187870,디바이스이엔지,디스플레이및관련부품
477760,디비금융제12호스팩,
101910,디비메탈,
024090,디씨엠,금속및광물
003160,디아이,반도체및관련장비
092200,디아이씨,자동차부품
110990,디아이티,디스플레이및관련부품
263690,디알젬,의료장비및서비스
214680,디알텍,의료장비및서비스
347850,디앤디파마텍,바이오
263720,디앤씨미디어,미디어
376300,디어유,인터넷서비스
109740,디에스케이,디스플레이및관련부품
196490,디에이테크놀로지,전자장비및기기
066900,디에이피,휴대폰및관련부품
127120,디엔에이링크,바이오
092070,디엔에프,반도체및관련장비
039840,디오,의료장비및서비스
013570,디와이,기계
219550,디와이디,개인생활용품
310870,디와이씨,자동차부품
210540,디와이파워,기계
104460,디와이피엔에프,기계
079810,디이엔티,전자장비및기기
113810,디젠스,자동차부품
043360,디지아이,컴퓨터및주변기기
197140,디지캡,일반소프트웨어
068930,디지털대성,교육
033130,디지틀조선,미디어
105740,디케이락,기계
263020,디케이앤디,섬유및의복
290550,디케이티,휴대폰및관련부품
066670,디티씨,휴대폰및관련부품
187220,디티앤씨,전자장비및기기
383930,디티앤씨알오,제약
163430,디피코,자동차
131180,딜리,컴퓨터및주변기기
315640,딥노이드,IT서비스
223310,딥마인드,식료품
317120,라닉스,전자장비및기기
462510,라메디텍,
042510,라온시큐어,일반소프트웨어
232680,라온테크,반도체및관련장비
418420,라온텍,반도체및관련장비
300120,라온피플,일반소프트웨어
171120,라이온켐텍,건축소재
388790,라이콤,통신장비
347700,라이프시맨틱스,의료장비및서비스
214260,라파스,개인생활용품
403360,라피치,IT서비스
115390,락앤락,용기및포장
200350,래몽래인,미디어
171010,램테크놀러지,반도체및관련장비
084650,랩지노믹스,의료장비및서비스
366130,랩토,
217500,러셀,반도체및관련장비
092590,럭스피아,디스플레이및관련부품
038390,레드캡투어,호텔및레저
294140,레몬,화학
443250,레뷰코퍼레이션,미디어
228670,레이,의료장비및서비스
228850,레이언스,의료장비및서비스
412350,레이저쎌,반도체및관련장비
199550,레이저옵텍,의료장비및서비스
281740,레이크머티리얼즈,화학
277810,레인보우로보틱스,기계
215100,로보로보,교육
090360,로보스타,기계
238500,로보쓰리에이아이,전자장비및기기
108490,로보티즈,기계
900260,로스웰,자동차부품
223220,로지스몬,육상운수
067730,로지시스,IT서비스
071280,로체시스템즈,반도체및관련장비
032350,롯데관광개발,호텔및레저
040830,롯데글로벌로지스,
089860,롯데렌탈,호텔및레저
000400,롯데손해보험,보험
023530,롯데쇼핑,도소매
020150,롯데에너지머티리얼즈,전자장비및기기
280360,롯데웰푸드,식료품
286940,롯데이노베이트,IT서비스
004000,롯데정밀화학,화학
004990,롯데지주,복합산업
005300,롯데칠성,음료
011170,롯데케미칼,화학
071840,롯데하이마트,도소매
328130,루닛,의료장비및서비스
038060,루멘스,디스플레이및관련부품
162120,루켄테크놀러지스,디스플레이및관련부품
253610,루트락,의료장비및서비스
060240,룽투코리아,게임소프트웨어
141080,리가켐바이오,의료장비및서비스
058470,리노공업,반도체및관련장비
016100,리더스코스메틱,용기및포장
328270,리독스바이오,
012700,리드코프,소비자금융
302550,리메드,의료장비및서비스
073570,리튬포어스,휴대폰및관련부품
377450,리파인,상업서비스
277070,린드먼아시아,창업투자및종금
042500,링네트,IT서비스
193250,링크드,휴대폰및관련부품
219420,링크제니시스,일반소프트웨어
439090,마녀공장,개인생활용품
027740,마니커,식료품
195500,마니커에프앤지,식료품
363170,마더스제약,
377480,마음AI,IT서비스
050480,마이다스IT,
305090,마이크로디지탈,의료장비및서비스
448780,마이크로엔엑스,의료장비및서비스
098120,마이크로컨텍솔,반도체및관련장비
424980,마이크로투나노,반도체및관련장비
038290,마크로젠,바이오
001080,만호제강,금속및광물
078060,매일방송,
267980,매일유업,식료품
005990,매일홀딩스,식료품
093520,매커스,반도체및관련장비
377030,맥스트,일반소프트웨어
179720,머니무브,소비자금융
100590,머큐리,통신장비
067280,멀티캠퍼스,교육
072870,메가스터디,교육
215200,메가스터디교육,교육
133750,메가엠디,교육
102600,메가젠임플란트,
446540,메가터치,전자장비및기기
235980,메드팩토,제약
200580,메디쎄이,의료장비및서비스
041920,메디아나,의료장비및서비스
233250,메디안디노스틱,의료장비및서비스
014100,메디앙스,개인생활용품
236340,메디젠휴먼케어,바이오
054180,메디콕스,조선
086900,메디톡스,바이오
078160,메디포스트,바이오
138040,메리츠금융지주,증권
408920,메쎄이상,미디어
021880,메이슨캐피탈,소비자금융
140410,메지온,식료품
241770,메카로,반도체및관련장비
090370,메타랩스,개인생활용품
059210,메타바이오메드,의료장비및서비스
058110,멕아이씨에스,의료장비및서비스
017180,명문제약,제약
009900,명신산업,자동차부품
012690,모나리자,가정생활용품
005360,모나미,상업서비스
434480,모니터랩,일반소프트웨어
080420,모다이노칩,도소매
417970,모델솔루션,기계
080160,모두투어,호텔및레저
087260,모바일어플라이언스,자동차부품
101330,모베이스,자동차부품
012860,모베이스전자,자동차부품
363260,모비데이즈,미디어
348030,모비릭스,게임소프트웨어
250060,모비스,제약
288980,모아데이타,일반소프트웨어
142760,모아라이프플러스,제약
033200,모아텍,전자장비및기기
333050,모코엠시스,IT서비스
009680,모토닉,자동차부품
118990,모트렉스,자동차부품
006920,모헨즈,건축소재
009580,무림P&P,종이및목재
001810,무림SP,종이및목재
009200,무림페이퍼,종이및목재
322970,무진메디,바이오
033920,무학,음료
008420,문배철강,금속및광물
279600,미디어젠,IT서비스
080640,미라콤아이앤씨,
095500,미래나노텍,디스플레이및관련부품
254490,미래반도체,반도체및관련장비
025560,미래산업,반도체및관련장비
218150,미래생명자원,식료품
007120,미래아이앤지,IT서비스
442900,미래에셋드림스팩1호,창업투자및종금
100790,미래에셋벤처투자,창업투자및종금
412930,미래에셋비전스팩1호,창업투자및종금
446190,미래에셋비전스팩2호,창업투자및종금
448830,미래에셋비전스팩3호,창업투자및종금
477380,미래에셋비전스팩4호,창업투자및종금
477470,미래에셋비전스팩5호,
478440,미래에셋비전스팩6호,
085620,미래에셋생명,보험
006800,미래에셋증권,증권
208890,미래엔에듀파트너,교육
049950,미래컴퍼니,디스플레이및관련부품
258000,미로,
207760,미스터블루,미디어
002840,미원상사,화학
268280,미원에스씨,화학
107590,미원홀딩스,화학
134380,미원화학,화학
351020,미쥬,섬유및의복
003650,미창석유,화학
059090,미코,반도체및관련장비
214610,미코바이오메드,의료장비및서비스
201490,미투온,게임소프트웨어
452200,민테크,전자장비및기기
418470,밀리의서재,미디어
206640,바디텍메드,의료장비및서비스
018700,바른손,개인생활용품
035620,바른손이앤에이,미디어
354390,바스칸바이오제약,제약
053030,바이넥스,제약
301300,바이브컴퍼니,일반소프트웨어
377740,바이오노트,의료장비및서비스
064550,바이오니아,바이오
314930,바이오다인,의료장비및서비스
208710,바이오로그디바이스,휴대폰및관련부품
086820,바이오솔루션,바이오
038460,바이오스마트,전자장비및기기
298210,바이오스펙트럼,
251120,바이오에프디엔씨,바이오
199730,바이오인프라,바이오
266470,바이오인프라생명과학,바이오
289170,바이오텐,식료품
429600,바이오템,
086040,바이오톡스텍,바이오
199290,바이오프로테크,의료장비및서비스
099430,바이오플러스,의료장비및서비스
032980,바이온,석유및가스
308080,바이젠셀,제약
043150,바텍,의료장비및서비스
323990,박셀바이오,제약
003610,방림,섬유및의복
267790,배럴,섬유및의복
001340,백광산업,화학
046310,백금T&A,통신장비
035150,백산,섬유및의복
331520,밸로프,게임소프트웨어
438700,버넥트,일반소프트웨어
066410,버킷스튜디오,섬유및의복
002410,범양건영,건설
002480,범양사,섬유및의복
382900,범한퓨얼셀,전자장비및기기
206400,베노티앤알,건설
019010,베뉴지,백화점
177350,베셀,디스플레이및관련부품
424760,벨로크,IT서비스
007210,벽산,건축자재
225530,보광산업,건축소재
250000,보라티알,식료품
002760,보락,식료품
003850,보령,제약
310210,보로노이,제약
006910,보성파워텍,전기장비
237010,보아스에셋,
000890,보해양조,음료
226340,본느,개인생활용품
206950,볼빅,레저용품
003000,부광약품,제약
001270,부국증권,증권
026940,부국철강,금속및광물
014470,부방,내구소비재
011390,부산산업,건축소재
005030,부산주공,자동차부품
008470,부스타,기계
228350,불스원,
338220,뷰노,의료장비및서비스
100120,뷰웍스,의료장비및서비스
406820,뷰티스킨,개인생활용품
337930,브랜드엑스코퍼레이션,섬유및의복
099390,브레인즈컴퍼니,일반소프트웨어
064480,브리지텍,IT서비스
288330,브릿지바이오테라퓨틱스,제약
365900,브이씨,레저용품
089970,브이엠,반도체및관련장비
251630,브이원텍,전자장비및기기
018290,브이티,개인생활용품
044480,블레이드 Ent,제약
439580,블루엠텍,의료장비및서비스
033560,블루콤,휴대폰및관련부품
191600,블루탑,전자장비및기기
369370,블리츠웨이스튜디오,레저용품
126340,비나텍,전기장비
121800,비덴트,디스플레이및관련부품
276620,비보존,
082800,비보존 제약,제약
318410,비비씨,가정생활용품
002070,비비안,섬유및의복
100220,비상교육,교육
419540,비스토스,의료장비및서비스
146320,비씨엔씨,반도체및관련장비
200780,비씨월드제약,제약
413640,비아이매트릭스,IT서비스
141000,비아트론,디스플레이및관련부품
090460,비에이치,전자장비및기기
083650,비에이치아이,에너지시설및서비스
445360,비엔케이제1호스팩,창업투자및종금
473370,비엔케이제2호스팩,창업투자및종금
065170,비엘팜텍,식료품
086670,비엠티,기계
335890,비올,의료장비및서비스
230980,비유테크놀러지,일반소프트웨어
138580,비즈니스온,IT서비스
082920,비츠로셀,전자장비및기기
054220,비츠로시스,IT서비스
042370,비츠로테크,전기장비
050090,비케이홀딩스,반도체및관련장비
148780,비큐AI,일반소프트웨어
307870,비투엔,IT서비스
357880,비트나인,IT서비스
066870,비트로시스 농업회사법인,
032850,비트컴퓨터,의료장비및서비스
238200,비피도,식료품
093190,빅솔론,컴퓨터및주변기기
065450,빅텍,상업서비스
210120,빅텐츠,미디어
005180,빙그레,식료품
069540,빛과전자,통신장비
072950,빛샘전자,전자장비및기기
266170,뿌리깊은나무들,미디어
451250,삐아,개인생활용품
143240,사람인,상업서비스
280140,사우스케이프,
274460,사운드백신,
003960,사조대림,식료품
008040,사조동아원,식료품
007160,사조산업,식료품
014710,사조씨푸드,식료품
006090,사조오양,식료품
452430,사피엔반도체,반도체및관련장비
419120,산돌,일반소프트웨어
122350,삼기,자동차부품
419050,삼기이브이,자동차부품
014970,삼륭물산,용기및포장
018310,삼목에스폼,건축자재
002580,삼미,금속및광물
012210,삼미금속,기계
053700,삼보모터스,자동차부품
009620,삼보산업,금속및광물
070080,삼보오토,에너지시설및서비스
161990,삼보컴퓨터,
023600,삼보판지,용기및포장
001470,삼부토건,건설
028050,삼성E&A,건설
006400,삼성SDI,전자장비및기기
006660,삼성공조,자동차부품
018360,삼성메디슨,의료장비및서비스
028260,삼성물산,복합산업
207940,삼성바이오로직스,바이오
032830,삼성생명,보험
425290,삼성스팩6호,창업투자및종금
439250,삼성스팩7호,창업투자및종금
448740,삼성스팩8호,창업투자및종금
468510,삼성스팩9호,창업투자및종금
018260,삼성에스디에스,IT서비스
009150,삼성전기,전자장비및기기
005930,삼성전자,반도체및관련장비
001360,삼성제약,제약
010140,삼성중공업,조선
016360,삼성증권,증권
068290,삼성출판사,미디어
029780,삼성카드,소비자금융
000810,삼성화재,보험
006110,삼아알미늄,금속및광물
009300,삼아제약,제약
145990,삼양사,식료품
003230,삼양식품,식료품
002170,삼양통상,섬유및의복
272550,삼양패키징,용기및포장
000070,삼양홀딩스,화학
003720,삼영,용기및포장
002810,삼영무역,화학
361670,삼영에스앤씨,전자장비및기기
054540,삼영엠텍,조선
065570,삼영이엔씨,조선
005680,삼영전자,전기장비
023000,삼원강재,자동차부품
004380,삼익THK,기계
002450,삼익악기,레저용품
032280,삼일,육상운수
002290,삼일기업공사,건설
004440,삼일씨엔에스,건축소재
000520,삼일제약,제약
009770,삼정펄프,가정생활용품
066190,삼중테크,
037460,삼지전자,통신장비
032750,삼진,내구소비재
054090,삼진엘앤디,전자장비및기기
005500,삼진제약,제약
000250,삼천당제약,제약
004690,삼천리,가스
024950,삼천리자전거,레저용품
038500,삼표시멘트,건축소재
437730,삼현,자동차부품
017480,삼현철강,금속및광물
010960,삼호개발,건설
046390,삼화네트웍스,미디어
004450,삼화왕관,용기및포장
009470,삼화전기,전자장비및기기
011230,삼화전자,전기장비
001820,삼화콘덴서,전기장비
000390,삼화페인트,건축자재
027580,상보,화학
038540,상상인,상호저축은행
101000,상상인인더스트리,조선
415580,상상인제3호스팩,창업투자및종금
452670,상상인제4호스팩,창업투자및종금
001290,상상인증권,증권
041650,상신브레이크,자동차부품
091580,상신이디피,전자장비및기기
263810,상신전자,내구소비재
089980,상아프론테크,전자장비및기기
042940,상지건설,건설
042600,새로닉스,내구소비재
075180,새론오토모티브,자동차부품
107600,새빗켐,전자장비및기기
411080,샌즈랩,일반소프트웨어
252990,샘씨엔에스,반도체및관련장비
007540,샘표,식료품
248170,샘표식품,식료품
378800,샤페론,바이오
003260,서광,섬유및의복
294630,서남,에너지시설및서비스
038070,서린바이오,바이오
006730,서부T&D,호텔및레저
079650,서산,건축소재
100660,서암기계공업,기계
007860,서연,자동차부품
200880,서연이화,자동차부품
019770,서연탑메탈,자동차부품
017390,서울가스,가스
279000,서울개인택시복지법인,
043710,서울리거,의료장비및서비스
092190,서울바이오시스,디스플레이및관련부품
046890,서울반도체,디스플레이및관련부품
004410,서울식품,식료품
063170,서울옥션,도소매
027040,서울전자통신,전자장비및기기
018680,서울제약,제약
021050,서원,금속및광물
093920,서원인텍,휴대폰및관련부품
189860,서전기전,전기장비
178320,서진시스템,통신장비
122690,서진오토모티브,자동차부품
070340,서진캠,
140070,서플러스글로벌,반도체및관련장비
011370,서한,건설
065710,서호전기,운송인프라
008490,서흥,제약
035890,서희건설,건설
357550,석경에이티,화학
003100,선광,운송인프라
007610,선도전기,전기장비
067370,선바이오,바이오
171090,선익시스템,디스플레이및관련부품
136490,선진,식료품
086710,선진뷰티사이언스,개인생활용품
014620,성광벤드,기계
037350,성도이엔지,건설
014910,성문전자,전기장비
003080,성보화학,화학
004980,성신양회,건축소재
011300,성안머티리얼스,섬유및의복
081580,성우전자,휴대폰및관련부품
045300,성우테크론,반도체및관련장비
015750,성우하이텍,자동차부품
015200,성원,금속및광물
365340,성일하이텍,전자장비및기기
000180,성창기업지주,종이및목재
080470,성창오토텍,자동차부품
043260,성호전자,전자장비및기기
148150,세경하이테크,휴대폰및관련부품
002420,세기상사,석유및가스
188260,세니젠,의료장비및서비스
053060,세동,자동차부품
340440,세림B&G,용기및포장
042380,세메스,
017510,세명전기,전기장비
004360,세방,육상운수
004490,세방전지,자동차부품
011560,세보엠이씨,건설
267080,세븐브로이맥주,음료
396300,세아메카닉스,금속및광물
001430,세아베스틸지주,금속및광물
306200,세아제강,금속및광물
003030,세아제강지주,금속및광물
019440,세아특수강,금속및광물
058650,세아홀딩스,금속및광물
013000,세우글로벌,화학
100700,세운메디칼,의료장비및서비스
024830,세원물산,자동차부품
091090,세원이앤씨,에너지시설및서비스
021820,세원정공,자동차부품
067830,세이브존I&C,백화점
258830,세종메디칼,의료장비및서비스
036630,세종텔레콤,유선통신
039310,세중,일반소프트웨어
075580,세진중공업,조선
067770,세진티에스,디스플레이및관련부품
053450,세코닉스,전자장비및기기
222810,세토피아,금속및광물
252500,세화피앤씨,개인생활용품
321370,센서뷰,통신장비
347000,센코,전자장비및기기
300090,센코어테크,
331920,셀레믹스,바이오
049180,셀루메드,건설
299660,셀리드,바이오
268600,셀리버리,바이오
108860,셀바스AI,의료장비및서비스
208370,셀바스헬스케어,의료장비및서비스
318160,셀바이오휴먼텍,개인생활용품
179690,셀인바이오,
258250,셀젠텍,의료장비및서비스
068270,셀트리온,바이오
068760,셀트리온제약,제약
068940,셀피글로벌,상업서비스
060230,소니드,전자장비및기기
290690,소룩스,디스플레이및관련부품
950200,소마젠,바이오
032680,소프트센,IT서비스
258790,소프트캠프,일반소프트웨어
066910,손오공,레저용품
043100,솔고바이오,의료장비및서비스
336370,솔루스첨단소재,전자장비및기기
248070,솔루엠,전자장비및기기
035610,솔본,의료장비및서비스
357780,솔브레인,반도체및관련장비
036830,솔브레인홀딩스,전자장비및기기
304100,솔트룩스,IT서비스
328380,솔트웨어,IT서비스
004430,송원산업,화학
086980,쇼박스,미디어
050960,수산아이앤티,일반소프트웨어
126720,수산인더스트리,에너지시설및서비스
017550,수산중공업,기계
084180,수성웹툰,기계
253840,수젠텍,의료장비및서비스
185190,수프로,종이및목재
298830,슈어소프트테크,일반소프트웨어
236200,슈프리마,보안장비
094840,슈프리마에이치큐,보안장비
192440,슈피겐코리아,휴대폰및관련부품
268030,스마트골프,
424960,스마트레이더시스템,자동차부품
136510,스마트솔루션즈,반도체및관련장비
099440,스맥,기계
053210,스카이라이프,미디어
033790,스카이문스테크놀로지,게임소프트웨어
276040,스코넥,일반소프트웨어
159910,스킨앤스킨,개인생활용품
115570,스타플렉스,화학
401120,스태리그룹,
330730,스톤브릿지벤처스,창업투자및종금
352090,스톰테크,내구소비재
253450,스튜디오드래곤,미디어
408900,스튜디오미르,미디어
204630,스튜디오산타클로스,미디어
415380,스튜디오삼익,내구소비재
026890,스틱인베스트먼트,창업투자및종금
013810,스페코,건설
227580,스포피드,
203690,스피어파워,가정생활용품
049830,승일,용기및포장
020710,시공테크,호텔및레저
033170,시그네틱스,반도체및관련장비
048870,시너지이노베이션,의료장비및서비스
025320,시노펙스,휴대폰및관련부품
134790,시디즈,내구소비재
269620,시스웍,전자장비및기기
429270,시지트로닉스,반도체및관련장비
418250,시큐레터,일반소프트웨어
131090,시큐브,일반소프트웨어
232830,시큐센,IT서비스
066290,시큐아이,
462870,시프트업,
016590,신대양제지,종이및목재
290520,신도기연,디스플레이및관련부품
029530,신도리코,사무기기
004970,신라교역,식료품
001000,신라섬유,휴대폰및관련부품
025870,신라에스지,식료품
215600,신라젠,바이오
070480,신비앤텍,전자장비및기기
065350,신성델타테크,내구소비재
416180,신성에스티,전자장비및기기
011930,신성이엔지,에너지시설및서비스
005390,신성통상,섬유및의복
004170,신세계,백화점
035510,신세계 I&C,IT서비스
034300,신세계건설,건설
031430,신세계인터내셔날,섬유및의복
012580,신세계톰보이,섬유및의복
031440,신세계푸드,식료품
006880,신송홀딩스,식료품
162300,신스틸,금속및광물
290560,신시웨이,일반소프트웨어
002800,신신제약,제약
472220,신영스팩10호,창업투자및종금
430220,신영스팩8호,창업투자및종금
445970,신영스팩9호,창업투자및종금
002470,신영씨앤디,건설
005800,신영와코루,섬유및의복
001720,신영증권,증권
009270,신원,섬유및의복
017000,신원종합개발,건설
002700,신일전자,내구소비재
012790,신일제약,제약
138070,신진에스엠,기계
226330,신테카바이오,의료장비및서비스
002870,신풍,종이및목재
019170,신풍제약,제약
418210,신한제10호스팩,창업투자및종금
452980,신한제11호스팩,창업투자및종금
474660,신한제12호스팩,창업투자및종금
474930,신한제13호스팩,창업투자및종금
405640,신한제9호스팩,창업투자및종금
055550,신한지주,상업은행
056700,신화인터텍,디스플레이및관련부품
187270,신화콘텍,휴대폰및관련부품
004080,신흥,의료장비및서비스
243840,신흥에스이씨,전자장비및기기
376910,실력산업,
257720,실리콘투,온라인쇼핑
222800,심텍,전자장비및기기
036710,심텍홀딩스,전자장비및기기
160980,싸이맥스,반도체및관련장비
356890,싸이버원,IT서비스
217330,싸이토젠,의료장비및서비스
102280,쌍방울,섬유및의복
003410,쌍용C&E,건축소재
010280,쌍용정보통신,IT서비스
004770,써니전자,전자장비및기기
217320,썬테크,전기장비
208640,썸에이지,게임소프트웨어
222420,쎄노텍,화학
037760,쎄니트,금속및광물
099320,쎄트렉아이,상업서비스
049960,쎌바이오텍,바이오
088280,쏘닉스,휴대폰및관련부품
403550,쏘카,호텔및레저
050890,쏠리드,통신장비
073960,씨브이네트,
109670,씨싸이트,섬유및의복
066790,씨씨에스,미디어
222080,씨아이에스,전자장비및기기
004920,씨아이테크,IT서비스
236030,씨알푸드,식료품
103660,씨앗,화학
352480,씨앤씨인터내셔널,개인생활용품
245450,씨앤에스링크,자동차부품
032040,씨앤에스자산관리,상업서비스
264660,씨앤지하이테크,반도체및관련장비
352700,씨앤투스,섬유및의복
458870,씨어스테크놀로지,
297090,씨에스베어링,기계
112610,씨에스윈드,에너지시설및서비스
900120,씨엑스아이,식료품
359090,씨엔알리서치,제약
286000,씨엔티드림,개인생활용품
115530,씨엔플러스,디스플레이및관련부품
115480,씨유메디칼,의료장비및서비스
340810,씨유박스,일반소프트웨어
376290,씨유테크,휴대폰및관련부품
189330,씨이랩,IT서비스
096530,씨젠,의료장비및서비스
101240,씨큐브,화학
060590,씨티씨바이오,제약
308170,씨티알모빌리티,자동차부품
260930,씨티케이,개인생활용품
052300,씨티프라퍼티,미디어
041710,씽크풀,
013990,아가방컴퍼니,섬유및의복
123860,아나패스,디스플레이및관련부품
025980,아난티,호텔및레저
008700,아남전자,내구소비재
192230,아리바이오,
125210,아모그린텍,전자장비및기기
002790,아모레G,개인생활용품
090430,아모레퍼시픽,개인생활용품
357580,아모센스,휴대폰및관련부품
052710,아모텍,전자장비및기기
074430,아미노로직스,제약
092040,아미코젠,제약
083930,아바코,전자장비및기기
149950,아바텍,디스플레이및관련부품
036010,아비코전자,전자장비및기기
002030,아세아,종이및목재
183190,아세아시멘트,건축소재
002310,아세아제지,종이및목재
050860,아세아텍,기계
012170,아센디오,미디어
136410,아셈스,화학
246720,아스타,의료장비및서비스
067390,아스트,기계
159010,아스플로,기계
127710,아시아경제,미디어
267850,아시아나IDT,IT서비스
020560,아시아나항공,항공운수
154030,아시아종묘,식료품
227610,아우딘퓨쳐스,개인생활용품
143160,아이디스,보안장비
031690,아이디스파워텔,
054800,아이디스홀딩스,컴퓨터및주변기기
332370,아이디피,컴퓨터및주변기기
122900,아이마켓코리아,온라인쇼핑
339950,아이비김영,교육
460470,아이빔테크놀로지,
099190,아이센스,의료장비및서비스
289010,아이스크림에듀,교육
214430,아이쓰리시스템,전자장비및기기
040910,아이씨디,디스플레이및관련부품
368600,아이씨에이치,전자장비및기기
456010,아이씨티케이,보안장비
052860,아이앤씨,반도체및관련장비
010780,아이에스동서,건설
069920,아이에스이커머스,온라인쇼핑
038880,아이에이,반도체및관련장비
307180,아이엘사이언스,디스플레이및관련부품
101390,아이엠,휴대폰및관련부품
461030,아이엠비디엑스,의료장비및서비스
456570,아이엠지티,의료장비및서비스
451220,아이엠티,반도체및관련장비
447690,아이오바이오,의료장비및서비스
078860,아이오케이,미디어
090150,아이윈,자동차부품
123010,아이윈플러스,반도체및관련장비
031310,아이즈비전,통신장비
185490,아이진,바이오
059100,아이컴포넌트,디스플레이및관련부품
149010,아이케이세미콘,반도체및관련장비
262840,아이퀘스트,일반소프트웨어
175250,아이큐어,제약
052460,아이크래프트,IT서비스
119830,아이텍,반도체및관련장비
052770,아이톡시,도소매
124500,아이티센,금속및광물
372800,아이티아이즈,IT서비스
084850,아이티엠반도체,전자장비및기기
114840,아이패밀리에스씨,개인생활용품
027360,아주IB투자,창업투자및종금
139990,아주스틸,금속및광물
032080,아즈텍WB,섬유및의복
013310,아진산업,자동차부품
059120,아진엑스텍,반도체및관련장비
011400,아진카인텍,자동차부품
158430,아톤,일반소프트웨어
321820,아티스트유나이티드,IT서비스
149300,아퓨어스,바이오
102950,아하,디스플레이및관련부품
001540,안국약품,제약
053800,안랩,일반소프트웨어
251280,안지오랩,식료품
065660,안트로젠,제약
297570,알로이스,셋톱박스
001780,알루코,금속및광물
260660,알리코제약,제약
354320,알멕,자동차부품
361570,알비더블유,미디어
131370,알서포트,일반소프트웨어
140670,알에스오토메이션,기계
096610,알에프세미,반도체및관련장비
061040,알에프텍,휴대폰및관련부품
148250,알엔투테크놀로지,전자장비및기기
347860,알체라,일반소프트웨어
196170,알테오젠,바이오
123750,알톤,레저용품
085810,알티캐스트,일반소프트웨어
117670,알파홀딩스,반도체및관련장비
314140,알피바이오,제약
291650,압타머사이언스,바이오
293780,압타바이오,제약
018250,애경산업,개인생활용품
161000,애경케미칼,화학
390110,애니메디솔루션,의료장비및서비스
196300,애니젠,바이오
310200,애니플러스,미디어
299910,애닉,게임소프트웨어
179530,애드바이오텍,제약
900100,애머릿지,섬유및의복
205500,액션스퀘어,게임소프트웨어
052790,액토즈소프트,게임소프트웨어
290740,액트로,휴대폰및관련부품
238090,앤디포스,휴대폰및관련부품
092600,앤씨앤,보안장비
129050,앤알커뮤니,
129890,앱코,컴퓨터및주변기기
174900,앱클론,바이오
255440,야스,디스플레이및관련부품
030960,양지사,상업서비스
102120,어보브반도체,반도체및관련장비
263540,어스앤에어로스페이스,기계
238120,얼라인드,의료장비및서비스
224810,엄지하우스,건설
019990,에너토크,기계
011090,에넥스,내구소비재
270660,에브리봇,내구소비재
038680,에스넷,IT서비스
137310,에스디바이오센서,의료장비및서비스
217480,에스디생명공학,개인생활용품
121890,에스디시스템,운송인프라
118000,에스메디,도소매
304360,에스바이오메딕스,바이오
389500,에스비비테크,기계
042110,에스씨디,전자장비및기기
298060,에스씨엠생명과학,바이오
065420,에스아이리소스,에너지시설및서비스
270210,에스알바이오텍,개인생활용품
103230,에스앤더블류,조선
260970,에스앤디,식료품
101490,에스앤에스텍,반도체및관련장비
095910,에스에너지,에너지시설및서비스
275630,에스에스알,일반소프트웨어
031330,에스에이엠티,전자장비및기기
060540,에스에이티,휴대폰및관련부품
351320,에스에이티이엔지,디스플레이및관련부품
056190,에스에프에이,기계
080000,에스엔유,디스플레이및관련부품
005850,에스엘,자동차부품
214310,에스엘에너지,에너지시설및서비스
246250,에스엘에스바이오,제약
258540,에스엘테라퓨틱스,의료장비및서비스
041510,에스엠,미디어
010580,에스엠벡셀,자동차부품
299670,에스엠비나,섬유및의복
007820,에스엠코어,기계
464080,에스오에스랩,
109610,에스와이,건축자재
365330,에스와이스틸텍,건축자재
012750,에스원,상업서비스
031860,에스유홀딩스,컴퓨터및주변기기
306040,에스제이그룹,섬유및의복
033530,에스제이지세종,자동차부품
217910,에스제이켐,화학
457940,에스케이증권제10호스팩,창업투자및종금
472230,에스케이증권제11호스팩,창업투자및종금
473000,에스케이증권제12호스팩,창업투자및종금
435870,에스케이증권제8호스팩,창업투자및종금
455910,에스케이증권제9호스팩,창업투자및종금
096630,에스코넥,휴대폰및관련부품
114290,에스코어,
069510,에스텍,내구소비재
234300,에스트래픽,IT서비스
039440,에스티아이,반도체및관련장비
098660,에스티오,섬유및의복
052020,에스티큐브,전자장비및기기
237690,에스티팜,제약
050760,에스폴리텍,화학
288620,에스퓨얼셀,전자장비및기기
036150,에스피반도체,
443670,에스피소프트,IT서비스
317830,에스피시스템스,기계
058610,에스피지,전기장비
043340,에쎈테크,기계
023960,에쓰씨엔지니어링,건설
037890,에어미디어,
298690,에어부산,항공운수
187660,에이디엠코리아,제약
054630,에이디칩스,내구소비재
200710,에이디테크놀로지,반도체및관련장비
096690,에이루트,컴퓨터및주변기기
078520,에이블씨엔씨,개인생활용품
298380,에이비엘바이오,바이오
203400,에이비온,제약
195990,에이비프로바이오,기계
003800,에이스침대,내구소비재
088800,에이스테크,통신장비
241840,에이스토리,미디어
311960,에이아이더뉴트리진,의료장비및서비스
453860,에이에스텍,개인생활용품
300900,에이에이아이헬스케어,
312610,에이에프더블류,전자장비및기기
015260,에이엔피,전자장비및기기
172670,에이엘티,반도체및관련장비
234070,에이원알폼,건축자재
445090,에이직랜드,반도체및관련장비
001890,에이치디씨영창,레저용품
295310,에이치브이엠,
072990,에이치시티,전자장비및기기
037340,에이치씨코퍼레이션,통신장비
044990,에이치엔에스하이텍,전자장비및기기
239610,에이치엘사이언스,식료품
477340,에이치엠씨아이비제7호스팩,
462020,에이치엠씨제6호스팩,창업투자및종금
148930,에이치와이티씨,전자장비및기기
044780,에이치케이,기계
357230,에이치피오,식료품
355690,에이텀,전자장비및기기
071670,에이테크솔루션,기계
045660,에이텍,컴퓨터및주변기기
224110,에이텍모빌리티,컴퓨터및주변기기
021080,에이티넘인베스트,창업투자및종금
089530,에이티세미콘,반도체및관련장비
200470,에이팩트,반도체및관련장비
207490,에이펙스인텍,디스플레이및관련부품
262260,에이프로,전자장비및기기
007460,에이프로젠,제약
003060,에이프로젠바이오로직스,제약
397030,에이프릴바이오,제약
141110,에이플러스라이프,
244920,에이플러스에셋,보험
278470,에이피알,개인생활용품
230240,에치에프알,통신장비
230360,에코마케팅,미디어
038870,에코바이오,에너지시설및서비스
097780,에코볼트,자동차부품
448280,에코아이,상업서비스
101360,에코앤드림,화학
128540,에코캡,자동차부품
086520,에코프로,전자장비및기기
450080,에코프로머티,전자장비및기기
247540,에코프로비엠,전자장비및기기
383310,에코프로에이치엔,상업서비스
038110,에코플라스틱,자동차부품
073540,에프알텍,통신장비
064850,에프앤가이드,IT서비스
036810,에프에스티,반도체및관련장비
173940,에프엔씨엔터,미디어
083500,에프엔에스테크,디스플레이및관련부품
446440,에피바이오텍,바이오
054940,엑사이엔씨,반도체및관련장비
950130,엑세스바이오,의료장비및서비스
373110,엑셀세라퓨틱스,
205100,엑셈,IT서비스
356680,엑스게이트,일반소프트웨어
070300,엑스큐어,휴대폰및관련부품
317770,엑스페릭스,보안장비
373200,엑스플러스,휴대폰및관련부품
092870,엑시콘,반도체및관련장비
236010,엔드림,
317870,엔바이오니아,내구소비재
067570,엔브이에이치코리아,자동차부품
236810,엔비티,미디어
140610,엔솔바이오사이언스,제약
333620,엔시스,전자장비및기기
101400,엔시트론,반도체및관련장비
036570,엔씨소프트,게임소프트웨어
238170,엔에스엠,용기및포장
224760,엔에스컴퍼니,에너지시설및서비스
422040,엔에이치스팩23호,창업투자및종금
437780,엔에이치스팩24호,창업투자및종금
438580,엔에이치스팩25호,창업투자및종금
439410,엔에이치스팩26호,창업투자및종금
440820,엔에이치스팩27호,창업투자및종금
451700,엔에이치스팩29호,창업투자및종금
466910,엔에이치스팩30호,창업투자및종금
265740,엔에프씨,개인생활용품
354200,엔젠바이오,의료장비및서비스
455900,엔젤로보틱스,의료장비및서비스
419080,엔젯,디스플레이및관련부품
093510,엔지브이아이,자동차부품
208860,엔지스테크널러지,자동차부품
183490,엔지켐생명과학,제약
085310,엔케이,조선
182400,엔케이맥스,바이오
348370,엔켐,전자장비및기기
068420,엔터미디어,레저용품
058450,엔터파트너즈,호텔및레저
069410,엔텔스,IT서비스
227950,엔투텍,레저용품
291230,엔피,미디어
198080,엔피디,휴대폰및관련부품
048830,엔피케이,화학
096870,엘디티,디스플레이및관련부품
276240,엘리비젼,디스플레이및관련부품
900140,엘브이엠씨홀딩스,자동차
290650,엘앤씨바이오,의료장비및서비스
066970,엘앤에프,전자장비및기기
156100,엘앤케이바이오,의료장비및서비스
190410,엘에스아이앤디,
311060,엘에이티,디스플레이및관련부품
073110,엘엠에스,디스플레이및관련부품
083310,엘오티베큠,반도체및관련장비
037950,엘컴텍,휴대폰및관련부품
011870,엘티삼보,건설
170920,엘티씨,반도체및관련장비
058630,엠게임,게임소프트웨어
058970,엠로,일반소프트웨어
019590,엠벤처투자,창업투자및종금
169330,엠브레인,IT서비스
008120,엠소닉,자동차부품
097520,엠씨넥스,휴대폰및관련부품
373170,엠아이큐브솔루션,IT서비스
179290,엠아이텍,의료장비및서비스
009780,엠에스씨,식료품
123040,엠에스오토텍,자동차부품
323230,엠에프엠코리아,섬유및의복
032790,엠젠솔루션,사무기기
046290,엠캐피탈,
033160,엠케이전자,반도체및관련장비
206300,엠텍비젼,
347890,엠투아이,전자장비및기기
033310,엠투엔,용기및포장
259630,엠플러스,전자장비및기기
060850,영림원소프트랩,일반소프트웨어
014440,영보화학,화학
143540,영우디에스피,디스플레이및관련부품
111770,영원무역,섬유및의복
009970,영원무역홀딩스,섬유및의복
003520,영진약품,제약
000670,영풍,휴대폰및관련부품
036560,영풍정밀,기계
006740,영풍제지,종이및목재
012280,영화금속,자동차부품
265560,영화테크,자동차부품
012160,영흥,금속및광물
036000,예림당,미디어
250930,예선테크,디스플레이및관련부품
053280,예스24,온라인쇼핑
015360,예스코홀딩스,가스
122640,예스티,반도체및관련장비
900300,오가닉티코스메틱,개인생활용품
212310,오건에코텍,의료장비및서비스
045060,오공,화학
080520,오디텍,반도체및관련장비
007310,오뚜기,식료품
039830,오로라,레저용품
322310,오로스테크놀로지,반도체및관련장비
046120,오르비텍,에너지시설및서비스
014940,오리엔탈정공,조선
002630,오리엔트바이오,바이오
038520,오리엔트전자,전기장비
065500,오리엔트정공,자동차부품
271560,오리온,식료품
001800,오리온홀딩스,식료품
010470,오리콤,미디어
417860,오브젠,일반소프트웨어
352910,오비고,일반소프트웨어
053980,오상자이엘,IT서비스
036220,오상헬스케어,의료장비및서비스
052420,오성첨단소재,디스플레이및관련부품
039200,오스코텍,의료장비및서비스
226400,오스테오닉,의료장비및서비스
031510,오스템,자동차부품
368970,오에스피,식료품
138080,오이솔루션,통신장비
080580,오킨스전자,반도체및관련장비
067170,오텍,내구소비재
353590,오토앤,자동차부품
173130,오파스넷,IT서비스
440320,오픈놀,상업서비스
049480,오픈베이스,컴퓨터및주변기기
394280,오픈엣지테크놀로지,반도체및관련장비
309930,오하임앤컴퍼니,내구소비재
244460,올리패스,개인생활용품
226950,올릭스,바이오
057540,옴니시스템,전기장비
131030,옵투스제약,제약
082210,옵트론텍,전자장비및기기
109080,옵티시스,통신장비
380540,옵티코어,통신장비
153710,옵티팜,제약
114750,와이디생명과학,
432430,와이랩,미디어
338840,와이바이오로직스,바이오
122990,와이솔,휴대폰및관련부품
232140,와이씨,반도체및관련장비
112290,와이씨켐,반도체및관련장비
065530,와이어블,무선통신
067900,와이엔텍,해상운수
007530,와이엠,자동차부품
155650,와이엠씨,디스플레이및관련부품
273640,와이엠텍,전자장비및기기
251370,와이엠티,화학
066430,와이오엠,화학
096250,와이즈넛,
273060,와이즈버즈,미디어
354180,와이즈에이아이,
019210,와이지-원,기계
122870,와이지엔터테인먼트,미디어
011690,와이투솔루션,전자장비및기기
332570,와이팜,휴대폰및관련부품
079000,와토스코리아,건축자재
110030,완도전복,
070960,용평리조트,호텔및레저
403490,우듬지팜,식료품
316140,우리금융지주,상업은행
032820,우리기술,상업서비스
041190,우리기술투자,창업투자및종금
115440,우리넷,통신장비
046970,우리로,컴퓨터및주변기기
082850,우리바이오,디스플레이및관련부품
215360,우리산업,자동차부품
072470,우리산업홀딩스,자동차부품
073560,우리손에프앤지,식료품
037400,우리엔터프라이즈,디스플레이및관련부품
153490,우리이앤엘,디스플레이및관련부품
101170,우림피티에스,기계
006980,우성,식료품
066590,우수AMS,자동차부품
017370,우신시스템,자동차부품
103840,우양,식료품
101970,우양에이치씨,기계
046940,우원개발,건설
215380,우정바이오,의료장비및서비스
065680,우주일렉트로,휴대폰및관련부품
105840,우진,기계
018620,우진비앤지,제약
010400,우진아이엔에스,기계
457550,우진엔텍,에너지시설및서비스
049800,우진플라임,기계
016880,웅진,미디어
095720,웅진씽크빅,교육
396470,워트,반도체및관련장비
005820,원림,용기및포장
307280,원바이오젠,의료장비및서비스
032940,원익,개인생활용품
240810,원익IPS,반도체및관련장비
074600,원익QnC,반도체및관련장비
104830,원익머트리얼즈,반도체및관련장비
014190,원익큐브,화학
217820,원익피앤이,전자장비및기기
030530,원익홀딩스,반도체및관련장비
012620,원일특강,금속및광물
382840,원준,전자장비및기기
336570,원텍,의료장비및서비스
376980,원티드랩,IT서비스
122830,원포유,유선통신
008370,원풍,화학
008290,원풍물산,섬유및의복
101160,월덱스,반도체및관련장비
064090,웨스트라이즈,도소매
336060,웨이버스,IT서비스
095270,웨이브일렉트로,통신장비
010600,웰바이오텍,해상운수
065950,웰크론,건설
076080,웰크론한텍,건설
043590,웰킵스하이텍,전자장비및기기
196700,웹스,화학
069080,웹젠,게임소프트웨어
053580,웹케시,IT서비스
071460,위니아,내구소비재
377460,위니아에이드,도소매
044340,위닉스,내구소비재
330350,위더스제약,제약
348350,위드텍,반도체및관련장비
112040,위메이드,게임소프트웨어
101730,위메이드맥스,게임소프트웨어
123420,위메이드플레이,게임소프트웨어
065370,위세아이텍,일반소프트웨어
140660,위월드,자동차부품
038620,위즈코프,운송인프라
299900,위지윅스튜디오,미디어
036090,위지트,디스플레이및관련부품
136540,윈스,일반소프트웨어
320000,윈텍,전자장비및기기
097800,윈팩,반도체및관련장비
192390,윈하이텍,건축자재
008600,윌비스,섬유및의복
335870,윙스풋,섬유및의복
900340,윙입푸드,식료품
033270,유나이티드제약,제약
014830,유니드,화학
446070,유니드비티플러스,건축자재
036200,유니셈,반도체및관련장비
018000,유니슨,에너지시설및서비스
000910,유니온,건축소재
047400,유니온머티리얼,자동차부품
203450,유니온커뮤니티,보안장비
011330,유니켐,섬유및의복
077500,유니퀘스트,반도체및관련장비
011320,유니크,자동차부품
086390,유니테스트,반도체및관련장비
241690,유니테크노,자동차부품
142210,유니트론텍,반도체및관련장비
121060,유니포인트,IT서비스
048430,유라테크,자동차부품
206650,유바이오로직스,바이오
089850,유비벨록스,전자장비및기기
084440,유비온,교육
032620,유비케어,의료장비및서비스
264450,유비쿼스,통신장비
078070,유비쿼스홀딩스,통신장비
002920,유성기업,자동차부품
024800,유성티엔에스,육상운수
000700,유수홀딩스,해상운수
054930,유신,건설
069330,유아이디,디스플레이및관련부품
049520,유아이엘,휴대폰및관련부품
435380,유안타제10호스팩,창업투자및종금
444920,유안타제11호스팩,창업투자및종금
446150,유안타제12호스팩,창업투자및종금
449020,유안타제13호스팩,창업투자및종금
450940,유안타제14호스팩,창업투자및종금
473050,유안타제15호스팩,창업투자및종금
474490,유안타제16호스팩,창업투자및종금
430700,유안타제9호스팩,창업투자및종금
003470,유안타증권,증권
263770,유에스티,금속및광물
337840,유엑스엔,의료장비및서비스
072130,유엔젤,IT서비스
000220,유유제약,제약
388720,유일로보틱스,기계
340930,유일에너테크,전자장비및기기
023410,유진기업,건축소재
056080,유진로봇,기계
468760,유진스팩10호,창업투자및종금
388800,유진스팩7호,창업투자및종금
413630,유진스팩8호,창업투자및종금
442130,유진스팩9호,창업투자및종금
084370,유진테크,반도체및관련장비
240600,유진테크놀로지,전자장비및기기
001200,유진투자증권,증권
221800,유투바이오,의료장비및서비스
179900,유티아이,휴대폰및관련부품
263050,유틸렉스,바이오
000100,유한양행,제약
003460,유화증권,증권
191410,육일씨엔에쓰,화학
372170,윤성에프앤씨,전자장비및기기
146060,율촌,자동차부품
008730,율촌화학,용기및포장
072770,율호,IT서비스
008250,이건산업,종이및목재
039020,이건홀딩스,건축자재
025820,이구산업,금속및광물
067920,이글루,IT서비스
044960,이글벳,제약
126830,이노그리드,
303530,이노뎁,IT서비스
296640,이노룰스,일반소프트웨어
302430,이노메트리,전자장비및기기
279060,이노벡스,디스플레이및관련부품
214320,이노션,미디어
462350,이노스페이스,
274400,이노시뮬레이션,일반소프트웨어
056090,이노시스,의료장비및서비스
073490,이노와이어리스,통신장비
215790,이노인스트루먼트,통신장비
344860,이노진,개인생활용품
088390,이녹스,레저용품
272290,이녹스첨단소재,디스플레이및관련부품
053350,이니텍,일반소프트웨어
452400,이닉스,전자장비및기기
264850,이랜시스,전자장비및기기
054210,이랜텍,휴대폰및관련부품
141690,이레테크,
009730,이렘,금속및광물
164060,이루다,의료장비및서비스
065440,이루온,IT서비스
139480,이마트,도소매
010090,이마트에브리데이,도소매
115610,이미지스,휴대폰및관련부품
478110,이베스트스팩6호,
078020,이베스트투자증권,증권
131400,이브이첨단소재,전자장비및기기
419700,이브이파킹서비스,운송인프라
208850,이비테크,전기장비
351330,이삭엔지니어링,IT서비스
080010,이상네트웍스,호텔및레저
379390,이성씨엔아이,에너지시설및서비스
457190,이수스페셜티케미컬,화학
086890,이수앱지스,바이오
007660,이수페타시스,전자장비및기기
005950,이수화학,화학
015020,이스타코,부동산
047560,이스트소프트,일반소프트웨어
900110,이스트아시아홀딩스,섬유및의복
239340,이스트에이드,인터넷서비스
067010,이씨에스,IT서비스
093230,이아이디,석유및가스
341310,이앤에치,가정생활용품
418620,이에이트,일반소프트웨어
456070,이엔셀,
102710,이엔에프테크놀로지,반도체및관련장비
074610,이엔플러스,기계
041520,이엘씨,디스플레이및관련부품
063760,이엘피,디스플레이및관련부품
123570,이엠넷,미디어
083470,이엠앤아이,디스플레이및관련부품
095190,이엠코리아,기계
091120,이엠텍,휴대폰및관련부품
232530,이엠티,전자장비및기기
102460,이연제약,제약
039030,이오테크닉스,반도체및관련장비
294090,이오플로우,의료장비및서비스
088290,이원컴포텍,자동차부품
084680,이월드,섬유및의복
181340,이즈미디어,휴대폰및관련부품
353810,이지바이오,식료품
099750,이지케어텍,의료장비및서비스
377330,이지트로닉스,전자장비및기기
035810,이지홀딩스,식료품
160600,이큐셀,전자장비및기기
092130,이크레더블,인터넷서비스
096040,이트론,IT서비스
134060,이퓨쳐,교육
001840,이화공영,건설
000760,이화산업,화학
024810,이화전기,전기장비
376580,익수제약,
014990,인디에프,섬유및의복
041830,인바디,의료장비및서비스
352940,인바이오,화학
101140,인바이오젠,전자장비및기기
216400,인바이츠바이오코아,바이오
079950,인베니아,디스플레이및관련부품
389470,인벤티지랩,제약
277410,인산가,식료품
060150,인선이엔티,상업서비스
033230,인성정보,IT서비스
450520,인스웨이브시스템즈,일반소프트웨어
006490,인스코비,무선통신
037330,인지디스플레,디스플레이및관련부품
100030,인지소프트,IT서비스
023800,인지컨트롤스,자동차부품
034590,인천도시가스,가스
211050,인카금융서비스,보험
083640,인콘,보안장비
216050,인크로스,미디어
049070,인탑스,휴대폰및관련부품
119610,인터로조,의료장비및서비스
017250,인터엠,전자장비및기기
129260,인터지스,해상운수
051370,인터플렉스,전자장비및기기
064290,인텍플러스,반도체및관련장비
189300,인텔리안테크,통신장비
150840,인트로메딕,의료장비및서비스
048530,인트론바이오,바이오
023810,인팩,자동차부품
115310,인포바인,인터넷서비스
039290,인포뱅크,IT서비스
071200,인피니트헬스케어,의료장비및서비스
101930,인화정공,조선
249420,일동제약,제약
000230,일동홀딩스,제약
013360,일성건설,건설
003120,일성아이에스,제약
333430,일승,조선
068330,일신바이오,바이오
003200,일신방직,섬유및의복
007110,일신석재,건축소재
007570,일양약품,제약
178780,일월지엠엘,디스플레이및관련부품
008500,일정실업,자동차부품
019540,일지테크,자동차부품
081000,일진다이아,금속및광물
020760,일진디스플,디스플레이및관련부품
103590,일진전기,전기장비
094820,일진파워,에너지시설및서비스
271940,일진하이솔루스,자동차부품
015860,일진홀딩스,전기장비
226320,잇츠한불,개인생활용품
950140,잉글우드랩,개인생활용품
049550,잉크테크,컴퓨터및주변기기
389020,자람테크놀로지,반도체및관련장비
254120,자비스,전자장비및기기
043910,자연과환경,상업서비스
234920,자이글,내구소비재
289220,자이언트스텝,미디어
317400,자이에스앤디,건설
140310,자일자동차,
033240,자화전자,통신장비
090120,잘만테크,컴퓨터및주변기기
174880,장원테크,휴대폰및관련부품
049630,재영솔루텍,휴대폰및관련부품
417840,저스템,반도체및관련장비
000950,전방,섬유및의복
110020,전진바이오팜,가정생활용품
208140,정다운,식료품
040420,정상제이엘에스,교육
045510,정원엔시스,IT서비스
217190,제너셈,반도체및관련장비
095700,제넥신,바이오
072520,제넨바이오,제약
122310,제노레이,의료장비및서비스
361390,제노코,통신장비
066830,제노텍,바이오
187420,제노포커스,바이오
225220,제놀루션,의료장비및서비스
123330,제닉,개인생활용품
159580,제로투세븐,개인생활용품
147830,제룡산업,금속및광물
033100,제룡전기,전기장비
079370,제우스,반도체및관련장비
054950,제이브이엠,의료장비및서비스
023440,제이스코홀딩스,금속및광물
090470,제이스텍,디스플레이및관련부품
287410,제이시스메디칼,의료장비및서비스
137950,제이씨케미칼,에너지시설및서비스
033320,제이씨현시스템,컴퓨터및주변기기
417500,제이아이테크,반도체및관련장비
104690,제이앤드,
204270,제이앤티씨,휴대폰및관련부품
194370,제이에스코퍼레이션,섬유및의복
026040,제이에스티나,섬유및의복
452160,제이엔비,반도체및관련장비
126880,제이엔케이글로벌,석유및가스
322510,제이엘케이,의료장비및서비스
254160,제이엠멀티,건축자재
033050,제이엠아이,상업서비스
094970,제이엠티,디스플레이및관련부품
418550,제이오,건설
025620,제이준코스메틱,개인생활용품
420570,제이투케이바이오,개인생활용품
089790,제이티,반도체및관련장비
030000,제일기획,미디어
052670,제일바이오,제약
271980,제일약품,제약
412540,제일엠앤에스,전자장비및기기
001560,제일연마,금속및광물
199820,제일일렉트릭,전기장비
038010,제일테크노스,건축자재
002620,제일파마홀딩스,제약
033480,제주국제컨벤,
276730,제주맥주,음료
080220,제주반도체,반도체및관련장비
006220,제주은행,상업은행
089590,제주항공,항공운수
216080,제테마,의료장비및서비스
229000,젠큐릭스,의료장비및서비스
082270,젬백스,반도체및관련장비
064800,젬백스링크,도소매
044060,조광ILI,기계
004910,조광페인트,건축자재
004700,조광피혁,섬유및의복
001550,조비,화학
462520,조선내화,금속및광물
120030,조선선재,금속및광물
034940,조아제약,제약
067000,조이시티,게임소프트웨어
018470,조일알미늄,금속및광물
002600,조흥,식료품
185750,종근당,제약
063160,종근당바이오,제약
001630,종근당홀딩스,제약
033340,좋은사람들,섬유및의복
036930,주성엔지니어링,반도체및관련장비
109070,주성코퍼레이션,통신장비
044380,주연테크,컴퓨터및주변기기
072020,중앙백신,제약
000440,중앙에너비스,석유및가스
051980,중앙첨단소재,통신장비
228760,지노믹트리,의료장비및서비스
314130,지놈앤컴퍼니,제약
013890,지누스,내구소비재
389030,지니너스,바이오
043610,지니뮤직,미디어
263860,지니언스,일반소프트웨어
303030,지니틱스,반도체및관련장비
036180,지더블유바이텍,전자장비및기기
208350,지란지교시큐리티,일반소프트웨어
289860,지슨,일반소프트웨어
144510,지씨셀,의료장비및서비스
358570,지아이이노베이션,바이오
382480,지아이텍,전자장비및기기
382800,지앤비에스 에코,반도체및관련장비
299480,지앤이헬스케어,개인생활용품
051160,지어소프트,도소매
037640,지에스엔텍,기계
166220,지에스엘,
053050,지에스이,가스
388610,지에프씨생명과학,바이오
119850,지엔씨에너지,전기장비
065060,지엔코,섬유및의복
204840,지엘팜텍,제약
013870,지엠비코리아,자동차부품
071320,지역난방공사,전력
270520,지오릿에너지,에너지시설및서비스
311320,지오엘리먼트,반도체및관련장비
388050,지투파워,전기장비
088790,진도,섬유및의복
018120,진로발효,음료
109820,진매트릭스,의료장비및서비스
086060,진바이오텍,제약
036890,진성티이씨,기계
363250,진시스템,의료장비및서비스
003780,진양산업,화학
007370,진양제약,제약
010640,진양폴리,화학
100250,진양홀딩스,화학
051630,진양화학,화학
272450,진에어,항공운수
285800,진영,화학
011000,진원생명과학,바이오
250030,진코스텍,개인생활용품
002780,진흥기업,건설
233990,질경이,개인생활용품
085660,차바이오텍,의료장비및서비스
261780,차백신연구소,제약
009310,참엔지니어링,디스플레이및관련부품
094850,참좋은여행,호텔및레저
004650,창해에탄올,음료
278280,천보,전자장비및기기
000650,천일고속,육상운수
001490,천지산업,섬유및의복
362320,청담글로벌,온라인쇼핑
012600,청호ICT,컴퓨터및주변기기
066360,체리부로,식료품
033250,체시스,자동차부품
047820,초록뱀미디어,미디어
094360,칩스앤미디어,반도체및관련장비
016790,카나리아바이오,식료품
016920,카스,기계
284620,카이노스메드,제약
446600,카이바이오텍,제약
035720,카카오,인터넷서비스
293490,카카오게임즈,게임소프트웨어
323410,카카오뱅크,상업은행
377300,카카오페이,소비자금융
140430,카티스,보안장비
042000,카페24,인터넷서비스
006380,카프로,화학
313760,캐리,에너지시설및서비스
317530,캐리소프트,미디어
071850,캐스텍코리아,자동차부품
050110,캠시스,휴대폰및관련부품
452300,캡스톤파트너스,창업투자및종금
119860,커넥트웨이브,온라인쇼핑
451760,컨텍,상업서비스
900310,컬러레이,개인생활용품
078340,컴투스,게임소프트웨어
063080,컴투스홀딩스,게임소프트웨어
307930,컴퍼니케이,창업투자및종금
079190,케스피온,휴대폰및관련부품
263700,케어랩스,의료장비및서비스
214370,케어젠,개인생활용품
052920,케어캠프,
087800,케이디비생명,
221980,케이디켐,화학
038530,케이바이오,의료장비및서비스
001620,케이비아이동국실업,자동차부품
424140,케이비제21호스팩,창업투자및종금
478390,케이비제29호스팩,
192250,케이사인,일반소프트웨어
029460,케이씨,반도체및관련장비
115500,케이씨에스,IT서비스
281820,케이씨텍,반도체및관련장비
089150,케이씨티,컴퓨터및주변기기
025880,케이씨피드,식료품
093320,케이아이엔엑스,인터넷서비스
040100,케이아이티,
093640,케이알엠,반도체및관련장비
049500,케이알투자증권,
073010,케이에스피,조선
105330,케이엔더블유,반도체및관련장비
053080,케이엔솔,기계
199430,케이엔알시스템,기계
432470,케이엔에스,전자장비및기기
272110,케이엔제이,반도체및관련장비
039420,케이엘넷,IT서비스
083550,케이엠,섬유및의복
032500,케이엠더블유,통신장비
225430,케이엠제약,개인생활용품
102370,케이옥션,도소매
068100,케이웨더,IT서비스
381970,케이카,자동차
036030,케이티알파,온라인쇼핑
064820,케이프,증권
256940,케이피에스,디스플레이및관련부품
024880,케이피에프,기계
042040,케이피엠테크,화학
054410,케이피티유,금속및광물
258610,케일럼,휴대폰및관련부품
274090,켄코아에어로스페이스,상업서비스
402420,켈스,의료장비및서비스
089010,켐트로닉스,화학
220260,켐트로스,화학
176590,코나솔,기계
052400,코나아이,IT서비스
402030,코난테크놀로지,일반소프트웨어
391710,코닉오토메이션,IT서비스
046070,코다코,자동차부품
047770,코데즈컴바인,섬유및의복
080530,코디,개인생활용품
104540,코렌텍,의료장비및서비스
040470,코리아2000,
027050,코리아나,개인생활용품
020920,코리아로터리,
007810,코리아써키트,전자장비및기기
190650,코리아에셋투자증권,증권
123410,코리아에프티,자동차부품
003690,코리안리,보험
036690,코맥스,보안장비
049430,코메론,기계
183300,코미코,반도체및관련장비
041960,코미팜,제약
089890,코세스,반도체및관련장비
360350,코셈,전자장비및기기
189350,코셋,통신장비
082660,코스나인,개인생활용품
192820,코스맥스,개인생활용품
044820,코스맥스비티아이,식료품
222040,코스맥스엔비티,식료품
241710,코스메카코리아,개인생활용품
005070,코스모신소재,화학
005420,코스모화학,화학
355150,코스텍시스,반도체및관련장비
169670,코스텍시스템,반도체및관련장비
094930,코스텔,
071950,코아스,내구소비재
166480,코아스템켐온,바이오
045970,코아시아,휴대폰및관련부품
196450,코아시아씨엠,휴대폰및관련부품
384470,코어라인소프트,의료장비및서비스
099620,코엔스,
029960,코엔텍,상업서비스
002020,코오롱,복합산업
138490,코오롱ENP,화학
003070,코오롱글로벌,건설
450140,코오롱모빌리티그룹,자동차
102940,코오롱생명과학,제약
120110,코오롱인더,화학
950160,코오롱티슈진,바이오
021240,코웨이,내구소비재
033290,코웰패션,섬유및의복
056360,코위버,통신장비
282880,코윈테크,기계
121850,코이즈,디스플레이및관련부품
146930,코잇,
448710,코츠테크놀로지,상업서비스
126730,코칩,전기장비
015710,코콤,IT서비스
052330,코텍,디스플레이및관련부품
322780,코퍼스코리아,미디어
036420,콘텐트리중앙,미디어
200130,콜마비앤에이치,식료품
024720,콜마홀딩스,개인생활용품
031820,콤텍시스템,IT서비스
294570,쿠콘,IT서비스
192400,쿠쿠홀딩스,내구소비재
284740,쿠쿠홈시스,내구소비재
317690,퀀타매트릭스,의료장비및서비스
078940,퀀타피아,자동차부품
227100,퀀텀온,건설
432720,퀄리타스반도체,디스플레이및관련부품
456190,큐라켐,바이오
365270,큐라클,제약
348080,큐라티스,바이오
086460,큐러블,바이오
060280,큐렉소,의료장비및서비스
372320,큐로셀,바이오
051780,큐로홀딩스,식료품
115180,큐리언트,제약
445680,큐리옥스바이오시스템즈,의료장비및서비스
182360,큐브엔터,미디어
405100,큐알티,반도체및관련장비
066310,큐에스아이,반도체및관련장비
136660,큐엠씨,디스플레이및관련부품
016600,큐캐피탈,창업투자및종금
355390,크라우드웍스,IT서비스
264900,크라운제과,식료품
005740,크라운해태홀딩스,식료품
259960,크래프톤,게임소프트웨어
096240,크레버스,교육
040350,크레오에스지,IT서비스
215570,크로넥스,바이오
110790,크리스에프앤씨,섬유및의복
900250,크리스탈신소재,금속및광물
045520,크린앤사이언스,전자장비및기기
036170,클라우드에어,디스플레이및관련부품
214150,클래시스,의료장비및서비스
352770,클리노믹스,바이오
237880,클리오,개인생활용품
139670,키네마스터,일반소프트웨어
020120,키다리스튜디오,미디어
413600,키움제6호스팩,창업투자및종금
433530,키움제7호스팩,창업투자및종금
446840,키움제8호스팩,창업투자및종금
466690,키움제9호스팩,
039490,키움증권,증권
054780,키이스트,미디어
336040,타스컴,의료장비및서비스
219130,타이거일렉,반도체및관련장비
346010,타이드,통신장비
318660,타임기술,상업서비스
434190,탈로스,상업서비스
360070,탑머티리얼,전자장비및기기
180060,탑선,에너지시설및서비스
065130,탑엔지니어링,휴대폰및관련부품
134580,탑코미디어,미디어
014580,태경비케이,건축소재
015890,태경산업,복합산업
006890,태경케미컬,화학
023160,태광,기계
003240,태광산업,화학
011280,태림포장,용기및포장
323280,태성,전자장비및기기
053620,태양,가정생활용품
052960,태양3C,전자장비및기기
004100,태양금속,자동차부품
116100,태양기계,자동차부품
009410,태영건설,건설
044490,태웅,에너지시설및서비스
124560,태웅로직스,해상운수
001420,태원물산,자동차부품
191420,테고사이언스,바이오
073640,테라사이언스,기계
066700,테라젠이텍스,제약
095610,테스,반도체및관련장비
055490,테이팩스,화학
308700,테크엔,디스플레이및관련부품
064520,테크엘,반도체및관련장비
089030,테크윙,반도체및관련장비
258050,테크트랜스,금속및광물
054450,텔레칩스,반도체및관련장비
078000,텔코웨어,일반소프트웨어
200230,텔콘RF제약,제약
214420,토니모리,개인생활용품
393210,토마토시스템,IT서비스
215480,토박스코리아,섬유및의복
051360,토비스,디스플레이및관련부품
045340,토탈소프트,운송인프라
108230,톱텍,디스플레이및관련부품
363230,투니플레이,
079970,투비소프트,일반소프트웨어
061610,투에버,
199800,툴젠,바이오
417790,트루엔,보안장비
105550,트루윈,자동차부품
290090,트윔,디스플레이및관련부품
026150,특수건설,건설
322180,티라유텍,일반소프트웨어
117730,티로보틱스,디스플레이및관련부품
072610,티맥스소프트,
033830,티비씨,미디어
057680,티사이언티픽,IT서비스
204610,티쓰리,게임소프트웨어
064760,티씨케이,반도체및관련장비
246710,티앤알바이오팹,바이오
340570,티앤엘,의료장비및서비스
043220,티에스넥스젠,에너지시설및서비스
277880,티에스아이,전자장비및기기
131290,티에스이,반도체및관련장비
019180,티에이치엔,자동차부품
425420,티에프이,반도체및관련장비
131100,티엔엔터테인먼트,미디어
356860,티엘비,반도체및관련장비
062860,티엘아이,디스플레이및관련부품
413300,티엘엔지니어링,반도체및관련장비
363280,티와이홀딩스,미디어
321550,티움바이오,제약
091810,티웨이항공,항공운수
004870,티웨이홀딩스,건축자재
425040,티이엠씨,반도체및관련장비
241790,티이엠씨씨엔에스,반도체및관련장비
104480,티케이케미칼,화학
081150,티플랙스,금속및광물
130740,티피씨글로벌,자동차부품
217880,틸론,IT서비스
084730,팅크웨어,자동차부품
058530,파나케이아,기계
440110,파두,반도체및관련장비
034230,파라다이스,호텔및레저
033540,파라텍,기계
388870,파로스아이바이오,바이오
043200,파루,에너지시설및서비스
214450,파마리서치,의료장비및서비스
217950,파마리서치바이오,제약
208340,파멥신,바이오
005690,파미셀,바이오
177830,파버나인,금속및광물
037070,파세코,내구소비재
150900,파수,일반소프트웨어
037030,파워넷,전기장비
047310,파워로직스,휴대폰및관련부품
266870,파워풀엑스,개인생활용품
368770,파이버프로,전자장비및기기
170790,파이오링크,IT서비스
049120,파인디앤씨,디스플레이및관련부품
038950,파인디지털,자동차부품
441270,파인엠텍,휴대폰및관련부품
106240,파인테크닉스,디스플레이및관련부품
131760,파인텍,디스플레이및관련부품
065690,파커스,컴퓨터및주변기기
140860,파크시스템스,전자장비및기기
091700,파트론,휴대폰및관련부품
202960,판도라티비,미디어
032800,판타지오,미디어
318010,팜스빌,제약
036580,팜스코,식료품
027710,팜스토리,식료품
004720,팜젠사이언스,제약
225590,패션플랫폼,섬유및의복
054300,팬스타엔터프라이즈,해상운수
068050,팬엔터테인먼트,미디어
028670,팬오션,해상운수
222110,팬젠,바이오
271830,팸텍,휴대폰및관련부품
010820,퍼스텍,상업서비스
016800,퍼시스,내구소비재
263750,펄어비스,게임소프트웨어
251970,펌텍코리아,용기및포장
001020,페이퍼코리아,종이및목재
327610,펨토바이오메드,의료장비및서비스
168360,펨트론,전자장비및기기
087010,펩트론,바이오
090080,평화산업,자동차부품
010770,평화홀딩스,자동차부품
168570,포겟,
119500,포메탈,기계
389140,포바이포,미디어
105760,포스뱅크,상업서비스
022100,포스코DX,IT서비스
058430,포스코스틸리온,금속및광물
009520,포스코엠텍,금속및광물
025100,포스코이앤씨,
047050,포스코인터내셔널,무역
003670,포스코퓨처엠,화학
189690,포시에스,일반소프트웨어
045020,포앤티,
318020,포인트모바일,전자장비및기기
256630,포인트엔지니어링,디스플레이및관련부품
331380,포커스에이치엔에스,보안장비
472850,폰드그룹,섬유및의복
039980,폴라리스AI,IT서비스
041910,폴라리스AI파마,제약
234100,폴라리스세원,자동차부품
041020,폴라리스오피스,일반소프트웨어
114630,폴라리스우노,섬유및의복
290720,푸드나무,식료품
005670,푸드웰,식료품
094940,푸른기술,컴퓨터및주변기기
057880,푸른소나무,의료장비및서비스
007330,푸른저축은행,상호저축은행
017810,풀무원,식료품
093380,풍강,자동차부품
023900,풍국주정,화학
103140,풍산,금속및광물
005810,풍산홀딩스,금속및광물
371950,풍원정밀,디스플레이및관련부품
370090,퓨런티어,전자장비및기기
445180,퓨릿,반도체및관련장비
151910,퓨처코어,휴대폰및관련부품
341170,퓨쳐메디신,제약
220100,퓨쳐켐,제약
035200,프럼파스트,건축자재
334970,프레스티지바이오로직스,제약
950210,프레스티지바이오파마,제약
321260,프로이천,디스플레이및관련부품
296160,프로젠,제약
053610,프로텍,반도체및관련장비
303360,프로티아,의료장비및서비스
377220,프롬바이오,식료품
335810,프리시젼바이오,의료장비및서비스
053160,프리엠스,기계
060910,프리젠,전자장비및기기
405000,플라즈맵,의료장비및서비스
041590,플래스크,건설
367000,플래티어,IT서비스
075130,플랜티넷,인터넷서비스
222670,플럼라인생명과학,제약
009810,플레이그램,도소매
237820,플레이디,미디어
023770,플레이위드,게임소프트웨어
019570,플루토스,창업투자및종금
300080,플리토,IT서비스
032580,피델릭스,반도체및관련장비
051380,피씨디렉트,도소매
241820,피씨엘,의료장비및서비스
237750,피앤씨테크,전기장비
319660,피에스케이,반도체및관련장비
031980,피에스케이홀딩스,반도체및관련장비
002230,피에스텍,전기장비
043370,피에이치에이,자동차부품
239890,피엔에이치테크,디스플레이및관련부품
347740,피엔케이피부임상연구센타,바이오
137400,피엔티,전자장비및기기
257370,피엔티엠에스,전자장비및기기
147760,피엠티,반도체및관련장비
128660,피제이메탈,금속및광물
006140,피제이전자,의료장비및서비스
084820,피케이밸브앤엔지니어링,
376180,피코그램,내구소비재
304840,피플바이오,의료장비및서비스
062970,피피아이,통신장비
087600,픽셀플러스,반도체및관련장비
291810,핀텔,일반소프트웨어
378340,필에너지,전자장비및기기
161580,필옵틱스,전자장비및기기
347770,핌스,디스플레이및관련부품
163730,핑거,IT서비스
417180,핑거스토리,미디어
446750,하나26호스팩,창업투자및종금
448370,하나27호스팩,창업투자및종금
454750,하나28호스팩,창업투자및종금
454640,하나29호스팩,창업투자및종금
469880,하나30호스팩,창업투자및종금
469900,하나31호스팩,창업투자및종금
475240,하나32호스팩,창업투자및종금
475250,하나33호스팩,창업투자및종금
406760,하나금융21호스팩,창업투자및종금
418170,하나금융22호스팩,창업투자및종금
430230,하나금융24호스팩,창업투자및종금
435620,하나금융25호스팩,창업투자및종금
086790,하나금융지주,상업은행
299030,하나기술,전자장비및기기
067310,하나마이크론,반도체및관련장비
166090,하나머티리얼즈,반도체및관련장비
293480,하나제약,제약
039130,하나투어,호텔및레저
136480,하림,식료품
003380,하림지주,식료품
450330,하스,
049130,하우리,인터넷서비스
101670,하이드로리튬,건설
365590,하이딥,반도체및관련장비
149980,하이로닉,의료장비및서비스
013030,하이록코리아,기계
352820,하이브,미디어
126700,하이비젼시스템,휴대폰및관련부품
106080,하이소닉,휴대폰및관련부품
071090,하이스틸,금속및광물
400840,하이제7호스팩,창업투자및종금
450050,하이제8호스팩,창업투자및종금
160190,하이젠알앤엠,
221840,하이즈항공,운송인프라
106190,하이텍팜,제약
030010,하이투자증권,
019490,하이트론,보안장비
000080,하이트진로,음료
000140,하이트진로홀딩스,음료
065650,하이퍼코퍼레이션,컴퓨터및주변기기
066130,하츠,내구소비재
004590,한국가구,식료품
036460,한국가스공사,가스
039340,한국경제TV,미디어
005430,한국공항,항공운수
071050,한국금융지주,증권
034950,한국기업평가,상업서비스
010040,한국내화,금속및광물
025540,한국단자,자동차부품
222980,한국맥널티,식료품
010100,한국무브넥스,자동차부품
331660,한국미라클피플사,가정생활용품
256840,한국비엔씨,의료장비및서비스
219750,한국비티비,의료장비및서비스
004090,한국석유,화학
025550,한국선재,금속및광물
002200,한국수출포장,용기및포장
002960,한국쉘석유,화학
017890,한국알콜,화학
000240,한국앤컴퍼니,자동차부품
054190,한국우사회,
080720,한국유니온제약,제약
123890,한국자산신탁,부동산
015760,한국전력,전력
063570,한국전자금융,상업서비스
041460,한국전자인증,상업서비스
006200,한국전자홀딩스,반도체및관련장비
101680,한국정밀기계,기계
039740,한국정보공학,도소매
053300,한국정보인증,일반소프트웨어
025770,한국정보통신,상업서비스
436610,한국제11호스팩,창업투자및종금
458610,한국제12호스팩,창업투자및종금
464440,한국제13호스팩,창업투자및종금
477530,한국제14호스팩,
479880,한국제15호스팩,
027970,한국제지,종이및목재
023350,한국종합기술,건설
025890,한국주강,금속및광물
000970,한국주철관,금속및광물
241140,한국지네틱바이오팜,
104700,한국철강,금속및광물
017960,한국카본,화학
023760,한국캐피탈,소비자금융
054040,한국컴퓨터,디스플레이및관련부품
161890,한국콜마,개인생활용품
021650,한국큐빅,자동차부품
161390,한국타이어앤테크놀로지,자동차부품
053590,한국테크놀로지,건설
034830,한국토지신탁,부동산
007280,한국특강,금속및광물
032300,한국파마,제약
037230,한국팩키지,용기및포장
448900,한국피아이엠,자동차부품
047810,한국항공우주,상업서비스
123690,한국화장품,개인생활용품
003350,한국화장품제조,개인생활용품
030520,한글과컴퓨터,일반소프트웨어
052600,한네트,상업서비스
011500,한농화성,화학
002390,한독,제약
256150,한독크린텍,가정생활용품
092460,한라IMS,조선
053690,한미글로벌,건설
042700,한미반도체,반도체및관련장비
008930,한미사이언스,제약
128940,한미약품,제약
452190,한빛레이저,전자장비및기기
047080,한빛소프트,게임소프트웨어
009240,한샘,내구소비재
452280,한선엔지니어링,기계
020000,한섬,섬유및의복
003680,한성기업,식료품
066980,한성크린텍,건설
105630,한세실업,섬유및의복
069640,한세엠케이,섬유및의복
016450,한세예스24홀딩스,섬유및의복
010420,한솔PNS,종이및목재
009180,한솔로지스틱스,육상운수
114810,한솔아이원스,반도체및관련장비
070590,한솔인티큐브,IT서비스
213500,한솔제지,종이및목재
014680,한솔케미칼,화학
004710,한솔테크닉스,전자장비및기기
004150,한솔홀딩스,복합산업
025750,한솔홈데코,종이및목재
226440,한송네오텍,전자장비및기기
042520,한스바이오메드,의료장비및서비스
004960,한신공영,건설
011700,한신기계,기계
430690,한싹,일반소프트웨어
008690,한양,건설
078350,한양디지텍,반도체및관련장비
045100,한양이엔지,반도체및관련장비
001750,한양증권,증권
018880,한온시스템,자동차부품
009420,한올바이오파마,제약
091440,한울소재과학,통신장비
014130,한익스프레스,육상운수
024740,한일단조,자동차부품
005860,한일사료,식료품
300720,한일시멘트,건축소재
002220,한일철강,금속및광물
006390,한일현대시멘트,건축소재
003300,한일홀딩스,건축소재
007770,한일화학,화학
051600,한전KPS,전력
052690,한전기술,에너지시설및서비스
130660,한전산업,에너지시설및서비스
198940,한주라이트메탈,자동차부품
107640,한중엔시에스,자동차부품
002320,한진,육상운수
003480,한진중공업홀딩스,가스
180640,한진칼,항공운수
005110,한창,상업서비스
079170,한창산업,화학
009460,한창제지,종이및목재
372910,한컴라이프케어,의료장비및서비스
054920,한컴위드,금속및광물
002680,한탑,식료품
000880,한화,복합산업
452260,한화갤러리아,백화점
088350,한화생명,보험
000370,한화손해보험,보험
009830,한화솔루션,에너지시설및서비스
272210,한화시스템,상업서비스
012450,한화에어로스페이스,상업서비스
082740,한화엔진,조선
042660,한화오션,조선
003530,한화투자증권,증권
386580,한화플러스제2호스팩,창업투자및종금
430460,한화플러스제3호스팩,창업투자및종금
455310,한화플러스제4호스팩,창업투자및종금
195870,해성디에스,반도체및관련장비
034810,해성산업,종이및목재
059270,해성에어로보틱스,기계
076610,해성옵틱스,휴대폰및관련부품
101530,해태제과식품,식료품
220180,핸디소프트,일반소프트웨어
143210,핸즈코퍼레이션,자동차부품
900270,헝셩그룹,레저용품
214180,헥토이노베이션,IT서비스
234340,헥토파이낸셜,IT서비스
084990,헬릭스미스,바이오
000720,현대건설,건설
170030,현대공업,자동차부품
453340,현대그린푸드,식료품
086280,현대글로비스,육상운수
064350,현대로템,운송인프라
079430,현대리바트,내구소비재
012330,현대모비스,자동차부품
319400,현대무벡스,운송인프라
048410,현대바이오,개인생활용품
052260,현대바이오랜드,개인생활용품
069960,현대백화점,백화점
004560,현대비앤지스틸,금속및광물
075120,현대아산,
004310,현대약품,제약
041440,현대에버다임,기계
039010,현대에이치티,보안장비
017800,현대엘리베이,기계
307950,현대오토에버,IT서비스
011210,현대위아,자동차부품
090850,현대이지웰,인터넷서비스
004020,현대제철,금속및광물
005440,현대지에프홀딩스,복합산업
005380,현대차,자동차
001500,현대차증권,증권
011760,현대코퍼레이션,무역
227840,현대코퍼레이션홀딩스,식료품
126560,현대퓨처넷,개인생활용품
001450,현대해상,보험
057050,현대홈쇼핑,온라인쇼핑
460930,현대힘스,조선
092300,현우산업,전자장비및기기
138360,협진,기계
011080,형지I&C,섬유및의복
093240,형지엘리트,섬유및의복
003010,혜인,기계
111110,호전실업,섬유및의복
008770,호텔신라,도소매
060560,홈센타홀딩스,건축소재
064240,홈캐스트,휴대폰및관련부품
039610,화성밸브,기계
002460,화성산업,건설
378850,화승알앤에이,자동차부품
241590,화승엔터프라이즈,섬유및의복
006060,화승인더,섬유및의복
013520,화승코퍼레이션,자동차부품
010690,화신,자동차부품
126640,화신정공,자동차부품
133820,화인베스틸,금속및광물
127980,화인써키트,전자장비및기기
061250,화일약품,제약
010660,화천기계,기계
000850,화천기공,기계
012670,환영철강공업,금속및광물
016580,환인제약,제약
032560,황금에스티,금속및광물
004800,효성,복합산업
094280,효성ITX,상업서비스
097870,효성오앤비,화학
298040,효성중공업,기계
298050,효성첨단소재,화학
298020,효성티앤씨,섬유및의복
298000,효성화학,화학
093370,후성,화학
081660,휠라홀딩스,섬유및의복
290270,휴네시온,일반소프트웨어
005870,휴니드,통신장비
353190,휴럼,식료품
192410,휴림네트웍스,통신장비
090710,휴림로봇,기계
078590,휴림에이텍,자동차부품
205470,휴마시스,의료장비및서비스
115160,휴맥스,셋톱박스
028080,휴맥스홀딩스,셋톱박스
175140,휴먼테크놀로지,내구소비재
200670,휴메딕스,제약
079980,휴비스,섬유및의복
065510,휴비츠,의료장비및서비스
215090,휴센텍,상업서비스
005010,휴스틸,금속및광물
263920,휴엠앤씨,용기및포장
243070,휴온스,제약
084110,휴온스글로벌,제약
145020,휴젤,바이오
024060,흥구석유,석유및가스
010240,흥국,기계
189980,흥국에프엔비,음료
000540,흥국화재,보험
003280,흥아해운,해상운수
037440,희림,건설
238490,힘스,디스플레이및관련부품
094800,맵스리얼티1,부동산
152550,한국ANKOR유전,석유및가스
168490,한국패러랠,창업투자및종금
365550,ESR켄달스퀘어리츠,부동산
432320,KB스타리츠,부동산
400760,NH올원리츠,부동산
338100,NH프라임리츠,부동산
395400,SK리츠,부동산
377190,디앤디플랫폼리츠,부동산
330590,롯데리츠,부동산
357430,마스턴프리미어리츠,부동산
396690,미래에셋글로벌리츠,부동산
357250,미래에셋맵스리츠,부동산
448730,삼성FN리츠,부동산
204210,스타리츠,부동산
404990,신한서부티엔디리츠,부동산
293940,신한알파리츠,부동산
140910,에이리츠,부동산
088260,이리츠코크렙,부동산
350520,이지스레지던스리츠,부동산
334890,이지스밸류리츠,부동산
348950,제이알글로벌리츠,부동산
145270,케이탑리츠,부동산
417310,코람코더원리츠,부동산
357120,코람코라이프인프라리츠,부동산
451800,한화리츠,부동산
088980,맥쿼리인프라,운송인프라
